jugador,Pos,Age,Tm,G,MP,PER,TS%,3PAr,FTr,ORB%,DRB%,TRB%,AST%,STL%,BLK%,TOV%,USG%,OWS,DWS,WS,WS/48,OBPM,DBPM,BPM,VORP
Precious Achiuwa,C,22,TOR,73,1725,12.7,0.503,0.259,0.217,8.7,21.7,14.9,6.9,1.1,2.3,11.3,18.5,0.4,2.1,2.5,0.07,-2,-0.6,-2.6,-0.2
Steven Adams,C,28,MEM,76,1999,17.6,0.56,0.003,0.518,17.9,22,19.9,16.1,1.6,2.7,19.6,12,3.8,3,6.8,0.163,1,1,2,2
Bam Adebayo,C,24,MIA,56,1825,21.8,0.608,0.008,0.466,8.7,26.1,17.5,17.5,2.2,2.6,14.4,25,3.6,3.5,7.2,0.188,1.7,2.1,3.8,2.7
Santi Aldama,PF,21,MEM,32,360,10.2,0.452,0.364,0.242,9.4,16.1,12.6,7.7,0.8,2.5,9.9,18.4,-0.1,0.4,0.3,0.044,-4.2,-1.5,-5.7,-0.3
LaMarcus Aldridge,C,36,BRK,47,1050,19.6,0.604,0.1,0.223,7.8,18.7,13.4,6.3,0.6,4,8,22.4,2.1,1,3.1,0.141,1.3,-0.6,0.7,0.7
Nickeil Alexander-Walker,SG,23,TOT,65,1466,10.5,0.475,0.497,0.16,2.7,11.5,7.1,16.1,1.5,1.5,11.3,24.1,-1.1,1.1,0.1,0.003,-1.8,-1.1,-2.9,-0.3
Grayson Allen,SG,26,MIL,66,1805,12.7,0.609,0.684,0.13,1.9,10.9,6.5,7.6,1.2,1,6.7,15.2,2.8,1.4,4.2,0.11,0.6,-0.2,0.4,1.1
Jarrett Allen,C,23,CLE,56,1809,23,0.698,0.018,0.428,12,24.5,18.4,8.2,1.2,3.7,12.7,18.1,5.4,3,8.5,0.225,2.7,1.2,3.9,2.7
Jose Alvarado,PG,23,NOP,54,834,16.4,0.52,0.374,0.18,3.2,10.2,6.6,26.9,4.2,0.8,11.2,18.4,1,1.1,2.1,0.121,-0.5,2.4,1.9,0.8
Justin Anderson,SF,28,TOT,16,316,10.4,0.493,0.621,0.2,1.4,15,8.1,14.2,1.2,1.7,7.2,15.1,0.2,0.2,0.4,0.054,-1.9,-1.3,-3.2,-0.1
Kyle Anderson,PF,28,MEM,69,1484,14.4,0.506,0.232,0.224,4.8,21.6,13,16.2,2.5,2.7,12.1,16.2,1,2.5,3.5,0.113,-0.9,2.1,1.2,1.2
Giannis Antetokounmpo,PF,27,MIL,67,2204,32.1,0.633,0.194,0.615,6.6,30.4,18.7,31.7,1.6,4,12.2,34.9,9.2,3.7,12.9,0.281,7.6,3.5,11.2,7.4
Thanasis Antetokounmpo,SF,29,MIL,48,473,12.5,0.577,0.109,0.359,9.2,13.4,11.3,6.5,1.6,2.4,14.9,15.7,0.4,0.5,0.9,0.095,-3.5,-0.1,-3.5,-0.2
Carmelo Anthony,PF,37,LAL,69,1793,14.8,0.579,0.549,0.22,3.7,13.5,8.6,5.6,1.3,2.6,6.9,20.4,2.2,1.4,3.6,0.097,0.4,-0.8,-0.5,0.7
Cole Anthony,PG,21,ORL,65,2059,13.5,0.519,0.429,0.277,1.6,16.2,8.9,28.9,1.1,0.8,14.2,25.1,-0.1,1.7,1.6,0.038,-0.6,-0.6,-1.2,0.4
OG Anunoby,SF,24,TOR,48,1728,14.8,0.549,0.455,0.169,4.4,12.6,8.3,11,2.1,1.4,9.7,20.5,1.8,1.9,3.7,0.104,0.4,0.1,0.5,1.1
Ryan Arcidiacono,PG,27,NYK,10,76,6.1,0.667,0.75,0,0,11.5,5.7,7.5,0.7,0,20,8.6,0,0.1,0.1,0.052,-4.6,0,-4.6,-0.1
Trevor Ariza,SF,36,LAL,24,462,7,0.449,0.747,0.182,2.3,16.7,9.5,7.5,1.3,1.2,9.3,11,-0.2,0.4,0.2,0.02,-3.3,-0.2,-3.4,-0.2
D.J. Augustin,PG,34,TOT,55,883,9.7,0.61,0.739,0.194,1.4,7,4.2,16.8,0.9,0.1,18.9,14.3,0.7,0.1,0.8,0.043,-1.2,-2.4,-3.6,-0.4
Deni Avdija,SF,21,WAS,82,1984,11.6,0.536,0.447,0.235,3,20.5,11.9,11.8,1.5,1.9,12,16.3,0.6,1.8,2.4,0.058,-2.1,0.4,-1.7,0.1
Joel Ayayi,SG,21,WAS,7,20,3.4,0.167,0.167,0,5.6,10.9,8.3,25.4,0,0,0,13.3,0,0,0,-0.098,-4.3,-1.7,-6,0
Deandre Ayton,C,23,PHO,58,1713,21.9,0.656,0.027,0.204,9.6,27.1,18.6,7.6,1.1,2.1,10.7,21.4,4.1,3.1,7.3,0.203,2.2,0.6,2.8,2.1
Udoka Azubuike,C,22,UTA,17,195,17.6,0.743,0,0.224,10.5,28.8,19.9,0,0.3,5,18.2,14.7,0.3,0.3,0.6,0.157,-1.8,0.4,-1.4,0
Marvin Bagley III,PF,22,TOT,48,1146,15.7,0.551,0.217,0.226,9.7,22.6,16,5.2,0.9,1.4,7.4,19.8,1.2,0.9,2,0.085,-0.5,-1.8,-2.3,-0.1
LaMelo Ball,PG,20,CHO,75,2422,19.7,0.554,0.451,0.194,4.7,17.4,11,35.7,2.4,1.2,15.3,28.2,3.4,2.5,5.8,0.116,3.3,0.1,3.4,3.3
Lonzo Ball,PG,24,CHI,35,1212,14.5,0.575,0.679,0.073,3.3,14.3,8.8,20,2.6,2.2,17.2,17.4,0.8,1.4,2.2,0.088,0.9,1.6,2.5,1.4
Mo Bamba,C,23,ORL,71,1824,16.5,0.582,0.455,0.118,8.5,24.6,16.5,7.4,1,5.9,10.6,17.2,1.8,2.7,4.5,0.118,-0.2,0.9,0.7,1.2
Desmond Bane,SG,23,MEM,76,2266,17.6,0.592,0.475,0.141,2.1,13.6,7.7,13.5,1.9,1.1,8.7,23.1,4.5,2.7,7.2,0.153,2.5,0.3,2.7,2.7
Dalano Banton,PG,22,TOR,64,696,10,0.463,0.252,0.218,5.6,14.1,9.7,19.8,2,1.4,19.3,16.9,-0.4,0.8,0.4,0.03,-3.5,0.4,-3.1,-0.2
Cat Barber,PG,27,ATL,3,13,-11.2,0,0,1,8.5,16.7,12.6,26.7,0,0,14.8,22.7,-0.1,0,-0.1,-0.45,-15.8,-7.6,-23.5,-0.1
Harrison Barnes,PF,29,SAC,77,2587,15.7,0.623,0.432,0.495,3.4,14.9,9.1,10.5,1,0.5,10.4,18.8,5,1,6,0.112,1.5,-1.3,0.2,1.4
Scottie Barnes,PF,20,TOR,74,2617,16.3,0.552,0.207,0.231,7.7,15.8,11.5,14.7,1.5,2.1,11.7,19,3.7,2.9,6.6,0.122,0.5,0.4,0.9,1.9
RJ Barrett,SF,21,NYK,70,2417,13.7,0.511,0.338,0.34,2.9,15.5,9.1,14.9,0.9,0.7,9.9,27.6,0.1,2.2,2.3,0.046,-0.3,-1.3,-1.6,0.2
Will Barton,SG,31,DEN,71,2277,13.4,0.548,0.48,0.142,2.2,14.1,8.3,17.6,1.2,1.2,11.8,20.8,1.2,1.9,3.2,0.067,0.4,-0.9,-0.5,0.9
Paris Bass,SF,26,PHO,2,7,13.9,0.436,0.333,0.333,31.5,29.9,30.6,0,6.9,0,22.5,54.6,0,0,0,-0.17,-11.2,-1.2,-12.4,0
Charles Bassey,C,21,PHI,23,168,21.5,0.66,0.085,0.255,14.9,26.1,20.6,6.5,1.5,9.1,13.3,16.1,0.4,0.3,0.8,0.22,-0.4,2.1,1.7,0.2
Keita Bates-Diop,SF,26,SAS,59,956,12.4,0.578,0.209,0.232,6.8,18.7,12.7,5.7,1.4,1.2,13.4,14.8,0.6,1,1.6,0.08,-2.1,-0.5,-2.6,-0.1
Nicolas Batum,PF,33,LAC,59,1462,13.5,0.608,0.698,0.098,2.2,15.8,9.2,9.7,1.9,2.4,9,13.3,1.6,2.1,3.7,0.123,0.5,1.8,2.3,1.6
Kent Bazemore,SF,32,LAL,39,545,6,0.451,0.576,0.122,2.6,11,6.8,8.1,2.2,1.5,12.5,13.2,-0.4,0.5,0.1,0.006,-5.1,0.8,-4.3,-0.3
Darius Bazley,PF,21,OKC,69,1924,12.6,0.515,0.414,0.262,3.7,19.8,11.6,7.7,1.5,3.4,11.1,18.3,-0.5,2.2,1.8,0.044,-2.1,0.3,-1.8,0.1
Bradley Beal,SG,28,WAS,40,1439,17.5,0.539,0.272,0.263,3,11.4,7.3,30.8,1.2,0.9,13.6,30.8,0.6,0.7,1.4,0.046,2,-1.2,0.8,1
Malik Beasley,SG,25,MIN,79,1976,11.9,0.544,0.749,0.071,1.4,11.2,6.2,8.5,1,0.6,4.7,19.4,1.7,1.2,2.9,0.069,0.7,-1.5,-0.7,0.7
Jordan Bell,C,27,CHI,1,2,29.9,0,0,0,56.6,0,28.1,0,24.4,0,0,0,0,0,0,0.6,-8.1,10.8,2.7,0
DeAndre' Bembry,SF,27,TOT,56,1026,11.9,0.601,0.163,0.158,4.6,12.5,8.6,8.6,2.3,2.2,11.6,11.2,1.1,1.1,2.2,0.104,-2.2,1.5,-0.7,0.3
Dāvis Bertāns,PF,29,TOT,56,807,9.4,0.531,0.836,0.145,1.7,14.3,8,5.5,1,1.3,6.1,17.3,0.2,0.7,0.9,0.053,-1.7,-0.9,-2.6,-0.1
Patrick Beverley,PG,33,MIN,58,1476,14.8,0.539,0.555,0.305,4.4,13.2,8.7,24.5,2.2,3.4,12.9,16.1,2.3,1.7,4.1,0.132,0.6,2.1,2.7,1.7
Saddiq Bey,SF,22,DET,82,2704,14,0.529,0.537,0.224,4.1,14.1,8.8,13.8,1.3,0.5,7.1,21.3,2.4,1.6,4,0.071,0.9,-1.2,-0.3,1.2
Khem Birch,C,29,TOR,55,991,13.2,0.534,0.07,0.355,12.7,13.5,13.1,7.6,1.5,2.6,11.1,11.2,1.5,1.1,2.6,0.126,-1.7,0.4,-1.3,0.2
Goga Bitadze,C,22,IND,50,729,18,0.595,0.317,0.373,11.9,15.3,13.5,11.2,1.4,5,13.6,19.9,1.3,0.6,1.9,0.122,-0.2,-0.6,-0.8,0.2
Bismack Biyombo,C,29,PHO,36,506,17.3,0.596,0,0.49,13.7,21.5,17.7,6.2,1.1,4.6,12.4,17.1,0.9,0.9,1.8,0.17,-1.7,0.4,-1.3,0.1
Nemanja Bjelica,C,33,GSW,71,1142,14.2,0.573,0.436,0.237,6.1,21.5,14.1,19.8,1.8,2.2,18.7,17.8,1,2.1,3,0.128,-0.9,2.3,1.4,1
Eric Bledsoe,PG,32,LAC,54,1361,12.5,0.514,0.348,0.25,2.2,11.6,7.1,24.1,2.5,1.2,18.3,20.5,-0.5,1.8,1.3,0.047,-2.1,1.3,-0.8,0.4
Keljin Blevins,SF,26,POR,31,349,4.8,0.41,0.649,0.099,4.9,9.5,7.1,7.7,1.8,0.3,12.8,16.5,-0.6,0.1,-0.5,-0.066,-5.6,-2.9,-8.5,-0.6
Bogdan Bogdanović,SG,29,ATL,63,1848,15.4,0.562,0.578,0.145,1.7,13,7.4,15.5,1.8,0.7,7.7,21.6,2.5,1.2,3.7,0.095,1.5,-0.2,1.3,1.5
Bojan Bogdanović,PF,32,UTA,69,2131,15.7,0.599,0.504,0.28,3.1,11.8,7.6,8.7,0.8,0,10.2,23.7,3.6,1.6,5.2,0.118,1.6,-1.6,0,1.1
Bol Bol,PF,22,DEN,14,81,13.5,0.565,0.148,0.185,5.7,21.4,13.8,9.1,0.6,2.2,12,18,0,0.1,0.1,0.065,-0.5,-0.4,-1,0
Leandro Bolmaro,SF,21,MIN,35,241,5.4,0.419,0.333,0.241,6.9,12.3,9.6,11,1.2,0,17.9,12.6,-0.1,0.2,0,0.004,-5.1,-0.7,-5.8,-0.2
Isaac Bonga,SF,22,TOR,15,69,8.7,0.363,0.308,0.615,6,5,5.5,7.3,5.8,2.8,10.8,11.5,-0.1,0.1,0.1,0.06,-5.4,5,-0.4,0
Devin Booker,SG,25,PHO,68,2345,21.3,0.576,0.336,0.255,2.1,13.2,7.8,22.4,1.6,1,9.3,32,4.3,3.3,7.6,0.156,3.9,0.2,4.1,3.6
Brandon Boston Jr.,SG,20,LAC,51,760,11.2,0.481,0.342,0.222,2.4,12.7,7.7,10.1,1.7,1.5,8,22.4,-0.5,0.9,0.4,0.026,-3,-0.4,-3.3,-0.3
Chris Boucher,SF,29,TOR,80,1690,17.9,0.57,0.397,0.334,10.9,21.3,15.8,2.2,1.4,4.3,6,17.8,3.5,2.4,6,0.169,0.5,-0.4,0,0.9
James Bouknight,SG,21,CHO,31,304,10.1,0.459,0.348,0.22,7.6,10.6,9.1,11.9,1.1,0.3,8.8,23.7,-0.1,0.1,0,0.001,-3.4,-3.7,-7.1,-0.4
Avery Bradley,SG,31,LAL,62,1406,7.8,0.55,0.6,0.051,2.4,8,5.2,4.5,1.8,0.6,9.6,12.1,0.3,0.9,1.2,0.04,-3.5,-0.1,-3.6,-0.6
Tony Bradley,C,24,CHI,55,549,14.9,0.6,0,0.236,13.8,24.3,19.1,6.7,0.9,5.2,20,13.6,0.6,0.7,1.3,0.112,-2,0.2,-1.8,0
Ignas Brazdeikis,SF,23,ORL,42,536,10.2,0.52,0.463,0.17,4.5,9.7,7.1,10.7,0.9,0.5,7.8,17.7,0.2,0.3,0.5,0.041,-2.7,-1.6,-4.3,-0.3
Mikal Bridges,SF,25,PHO,82,2854,14.4,0.627,0.364,0.183,2.9,10,6.5,8.7,1.6,1.1,6.8,15,5.2,3.7,8.9,0.15,0.5,1.1,1.6,2.6
Miles Bridges,PF,23,CHO,80,2837,17.9,0.593,0.383,0.274,3.3,17.8,10.4,15.7,1.3,2.2,9.9,22.6,5,2.3,7.2,0.123,1.8,-0.3,1.5,2.5
Oshae Brissett,SF,23,IND,67,1564,12.9,0.53,0.468,0.324,7.6,18.1,12.8,6.4,1.4,1.6,8.5,17.3,1.4,0.9,2.2,0.069,-0.5,-1.7,-2.2,-0.1
Malcolm Brogdon,PG,29,IND,36,1206,18,0.557,0.343,0.308,3,14.3,8.6,26.9,1.2,1,11.1,24.6,2.2,0.4,2.7,0.106,2.8,-0.5,2.3,1.3
Armoni Brooks,SG-PG,23,TOT,54,844,8.4,0.483,0.862,0.073,2.5,10.9,6.7,10.4,1.6,1.2,8.3,16.4,-0.1,0.4,0.2,0.014,-2.6,-1.3,-3.9,-0.4
Dillon Brooks,SF,26,MEM,32,885,15.5,0.515,0.283,0.202,3.4,8.8,6,15.4,1.9,0.8,8,28.8,0.7,0.9,1.6,0.087,-1,-0.8,-1.8,0
Bruce Brown,SF,25,BRK,72,1774,15,0.575,0.186,0.253,6.3,14.7,10.6,11.5,2.1,2.6,9.1,15,2.8,2,4.8,0.13,-0.4,1.1,0.7,1.2
Charlie Brown Jr.,SG,24,TOT,22,177,6.5,0.346,0.308,0.256,9,11.2,10.1,4.5,2.8,2,10.3,12.3,-0.2,0.2,0,0.012,-5.2,0.4,-4.8,-0.1
Chaundee Brown Jr.,SG-SF,23,TOT,5,104,6.4,0.447,0.563,0.188,1.1,15.7,8.4,5.1,0.9,0,2.8,14.9,0,0,0,0.002,-4.3,-2.4,-6.6,-0.1
Greg Brown III,SF,20,POR,48,640,11,0.515,0.321,0.342,6.3,17.3,11.6,8.1,2,3.7,14.1,17.2,-0.1,0.5,0.4,0.029,-4,-0.7,-4.7,-0.4
Jaylen Brown,SF,25,BOS,66,2220,18.9,0.574,0.381,0.261,2.6,16.7,9.8,17.9,1.6,0.7,11.6,30.5,2.3,3.4,5.8,0.124,1.9,0.1,2.1,2.2
Moses Brown,C,22,TOT,40,345,18.5,0.612,0,0.667,12.7,30.5,21.7,0.4,1,4.2,12.5,20.7,0.5,0.7,1.2,0.16,-2.4,-0.9,-3.3,-0.1
Sterling Brown,SG,26,DAL,49,628,8.4,0.495,0.594,0.097,4.6,21.8,13.2,7.5,1.1,1,12.5,13.2,-0.1,0.9,0.8,0.061,-3.4,0.5,-2.9,-0.1
Troy Brown Jr.,SF,22,CHI,66,1055,10.1,0.525,0.516,0.101,4.2,17.4,10.8,8.2,1.7,0.4,8.8,12.3,0.5,0.9,1.4,0.065,-1.7,-0.2,-1.8,0.1
Jalen Brunson,SG,25,DAL,79,2524,17.1,0.583,0.25,0.211,1.9,11.7,6.8,24.3,1.3,0.1,10.1,21.9,4.9,2.7,7.5,0.143,0.9,0,0.9,1.9
Thomas Bryant,C,24,WAS,27,439,16.6,0.607,0.284,0.27,6.7,20.4,13.6,7.9,0.7,4.1,10.3,18.7,0.7,0.4,1.1,0.118,-0.4,-0.7,-1,0.1
Shaq Buchanan,SG,25,MEM,2,10,0.6,0.25,0.5,0,10.2,10.7,10.5,24.9,4.8,0,33.3,24.6,-0.1,0,0,-0.23,-11,0.3,-10.7,0
Reggie Bullock,SF,30,DAL,68,1902,9.2,0.558,0.782,0.096,1.9,12.2,7,6.1,1.1,0.7,7.1,13.3,1.2,2,3.2,0.08,-1.5,0,-1.4,0.3
Trey Burke,PG,29,DAL,42,441,10,0.475,0.381,0.107,1,7.3,4.2,20.7,1.4,0,10.4,25.6,-0.4,0.4,0,0.003,-3.6,-1.4,-5,-0.3
Alec Burks,SG,30,NYK,81,2318,13.7,0.559,0.534,0.363,2.1,16.6,9.2,15.7,1.8,1.1,9.7,17.7,3.2,2.9,6.1,0.126,-0.4,1.2,0.8,1.7
Jared Butler,SG,21,UTA,42,360,12.1,0.509,0.583,0.106,1.6,11.8,6.8,26,2.3,2,17.3,23.1,0,0.5,0.4,0.057,-2.3,0.7,-1.6,0
Jimmy Butler,SF,32,MIA,57,1931,23.6,0.592,0.14,0.549,6.1,13.5,9.9,26.4,2.4,1.5,10.5,26.5,6.2,2.9,9.2,0.228,4.5,1.9,6.3,4
Devontae Cacok,PF,25,SAS,15,121,20.2,0.675,0,0.226,6.9,29.7,18.2,6.9,3.2,4.9,8.1,12.9,0.3,0.3,0.5,0.206,0.7,3.5,4.2,0.2
Kentavious Caldwell-Pope,SG,28,WAS,77,2329,12.6,0.568,0.492,0.186,2,10.3,6.2,9.1,1.8,0.9,9.8,19,1.4,1.4,2.8,0.058,-0.9,-0.6,-1.5,0.3
Facundo Campazzo,PG,30,DEN,65,1184,11.1,0.503,0.652,0.264,2.2,8.6,5.5,24.1,2.6,1.8,16.9,14.7,0.6,1.3,2,0.081,-2.1,1.3,-0.8,0.4
Vlatko Čančar,PF,24,DEN,15,176,12.7,0.657,0.293,0.341,5.2,14.1,9.8,13.2,0.6,1.5,16,14,0.3,0.1,0.4,0.114,-0.9,-0.9,-1.7,0
Devin Cannady,PG,25,ORL,5,145,8.6,0.531,0.841,0.159,0.7,3.7,2.2,10,1.7,1.9,9.6,15.5,0,0.1,0.1,0.033,-2.8,-0.4,-3.2,0
Clint Capela,C,27,ATL,74,2042,21.4,0.604,0.002,0.28,15,31.9,23.5,6.6,1.3,4.1,6.1,15.5,5.6,2.7,8.3,0.195,2.1,-0.1,2,2.1
Vernon Carey Jr.,C,20,TOT,7,44,15.8,0.534,0,1,19.9,9.8,14.8,0,2.2,1.9,13.8,21.6,0,0,0.1,0.068,-3,-4.5,-7.5,-0.1
Jevon Carter,PG,26,TOT,66,905,9.6,0.531,0.672,0.071,1.7,11.2,6.6,14,1.3,1.4,11.5,14,0.5,0.7,1.2,0.062,-1.8,-0.4,-2.2,-0.1
Wendell Carter Jr.,PF,22,ORL,62,1852,18.4,0.601,0.313,0.303,7.9,29.1,18.5,15.4,0.9,2.1,13.1,20.9,2.6,2.4,5,0.129,1,0.6,1.6,1.7
Alex Caruso,SG,27,CHI,41,1147,11.7,0.528,0.492,0.285,3.3,11.2,7.3,18.5,3,1.1,16.5,13.3,0.7,1.2,2,0.082,-2.2,2.3,0.2,0.6
Willie Cauley-Stein,C,28,TOT,20,183,8.3,0.474,0.057,0.057,7.9,16.4,12.2,7.5,1.7,1.5,16.3,10.6,0,0.3,0.2,0.066,-4.1,1.1,-3,0
Ahmad Caver,SG,25,IND,1,1,76.2,1,0,0,0,0,0,0,0,0,0,42.8,0,0,0,1.204,31,5.9,36.9,0
Justin Champagnie,SF,20,TOR,36,281,13.6,0.571,0.418,0.134,13.5,14.3,13.9,5.4,1.4,1.4,10.1,12,0.5,0.3,0.8,0.138,-1.3,-0.7,-2,0
Zylan Cheatham,SF,26,UTA,1,5,-23.8,0,0.667,0,0,0,0,0,0,0,0,26.1,-0.1,0,-0.1,-0.61,-19.3,-11.3,-30.6,0
Chris Chiozza,PG,26,GSW,34,372,4.4,0.407,0.654,0.037,2.7,7.7,5.3,22.5,1.7,0,28,13.4,-0.5,0.5,0,-0.004,-5.7,-0.2,-6,-0.4
Marquese Chriss,PF,24,DAL,34,346,14.8,0.518,0.187,0.246,10.6,22.5,16.5,7.7,1.9,3.1,10.3,21.5,0.2,0.6,0.8,0.108,-3.8,0,-3.8,-0.2
Josh Christopher,SG,20,HOU,74,1334,12.2,0.534,0.378,0.226,4.3,11.1,7.7,17.3,2.3,0.9,17.2,21.1,-0.4,0.7,0.3,0.01,-2.2,-1.3,-3.5,-0.5
Gary Clark,PF,27,NOP,38,378,11.4,0.547,0.795,0.114,6.6,20.1,13.2,6.4,1.7,1.8,9.8,11.6,0.3,0.4,0.7,0.092,0.1,0,0.1,0.2
Brandon Clarke,PF,25,MEM,64,1246,23.7,0.66,0.049,0.291,11.1,17.8,14.4,10.3,1.5,4.9,6.3,17.7,4.4,1.9,6.3,0.241,3.1,1.1,4.2,2
Jordan Clarkson,SG,29,UTA,79,2141,14.9,0.532,0.536,0.156,3.5,10.2,7,14.5,1.5,0.7,9.8,26.8,1.5,2,3.5,0.079,0.5,-1.2,-0.6,0.7
Nic Claxton,C,22,BRK,47,974,18.6,0.672,0,0.352,10.4,18.9,14.8,6.4,1.2,4.7,11.1,15.1,2.3,1.2,3.5,0.171,0.3,0.2,0.5,0.6
Amir Coffey,SG,24,LAC,69,1567,13,0.598,0.545,0.251,1.8,11.2,6.7,11.4,1.2,0.8,8,15.8,2.3,1.5,3.8,0.116,-0.3,0,-0.3,0.7
John Collins,PF,24,ATL,54,1663,18.7,0.61,0.273,0.262,6.2,21.5,13.9,8.9,1,3,7.7,20.5,3.6,1.4,5.1,0.146,1.5,0,1.5,1.5
Zach Collins,C,24,SAS,28,502,16.4,0.594,0.265,0.419,9.5,22.5,16,16.3,1.2,3.8,19.7,19.2,0.6,0.7,1.2,0.118,-1.2,1,-0.2,0.2
Darren Collison,PG,34,LAL,3,37,-0.2,0.286,0.429,0,0,11.6,5.8,6.8,1.3,0,12.5,9.3,-0.1,0,-0.1,-0.07,-10,-0.9,-10.9,-0.1
Mike Conley,PG,34,UTA,72,2058,17.2,0.572,0.523,0.205,2.6,8.8,5.8,27.7,2.3,0.9,12.5,20.9,4.4,2.3,6.7,0.157,2.4,0.7,3.1,2.7
Pat Connaughton,SF,29,MIL,65,1691,13.4,0.62,0.746,0.109,2.9,14,8.6,6.6,1.7,0.9,6.3,14,2.8,1.6,4.4,0.125,0.8,0.3,1.2,1.4
Tyler Cook,PF,24,CHI,20,200,13,0.643,0,0.842,9.1,20.7,14.9,2,1,1.7,11.8,13,0.4,0.2,0.5,0.127,-3,-1.1,-4.1,-0.1
Sharife Cooper,PG,20,ATL,13,39,-5.4,0.25,0.429,0,0,14,7,16.3,0,0,26.3,21.3,-0.2,0,-0.2,-0.297,-11.3,-5,-16.3,-0.1
Petr Cornelie,PF,26,DEN,13,38,9.6,0.418,0.533,0.267,21.3,19.9,20.6,10.8,1.3,2.4,19.3,24,-0.1,0,0,-0.015,-6.1,-2.7,-8.8,-0.1
DeMarcus Cousins,C,31,TOT,48,718,18.2,0.567,0.377,0.386,11.7,29.1,20.6,15.2,2.4,2.7,18.3,28.1,0.3,1.3,1.6,0.104,-1.8,0.2,-1.6,0.1
Robert Covington,PF,31,TOT,71,1940,12.4,0.572,0.681,0.139,3.3,18.9,11,6.8,2.6,4.4,12.4,13.5,0.8,2.4,3.2,0.08,-1.6,1.7,0.2,1.1
Torrey Craig,SF,31,TOT,78,1596,11,0.556,0.531,0.118,5.9,15.4,10.7,7.6,1.4,2,12.6,14.3,0.9,1.4,2.3,0.07,-1.7,-0.1,-1.8,0.1
Jae Crowder,PF,31,PHO,67,1886,11.3,0.541,0.671,0.165,1.8,18,10.1,8.3,2.4,1.4,8.6,14.6,0.9,3.4,4.3,0.11,-1.3,2.4,1.1,1.5
Jarrett Culver,SG,22,MEM,37,338,8.7,0.433,0.348,0.252,3.9,11.1,7.4,13,2.8,1.3,11.8,20.6,-0.4,0.5,0.1,0.012,-5.7,0.3,-5.4,-0.3
Jarron Cumberland,SG,24,POR,3,12,8.4,0.5,0.5,0,8.8,19,13.7,11.6,0,0,0,7.2,0,0,0,0.079,-4.4,-2.2,-6.6,0
Cade Cunningham,SG,20,DET,64,2088,13.1,0.504,0.352,0.163,2.9,16.2,9.2,29.1,1.8,1.9,17.5,27.5,-2.4,1.9,-0.5,-0.011,-1.1,-0.5,-1.6,0.2
Seth Curry,SG,31,TOT,64,2135,13.7,0.615,0.506,0.127,1.1,9.1,5.2,16.3,1.2,0.6,12.3,18.5,2.7,1.5,4.2,0.095,0.3,-0.9,-0.6,0.8
Stephen Curry,PG,33,GSW,64,2211,21.4,0.601,0.613,0.243,1.7,14.4,8.3,30.4,1.9,1,13.2,30.8,4.6,3.4,8,0.173,5.4,0.4,5.8,4.4
Anthony Davis,C,28,LAL,40,1404,23.9,0.578,0.101,0.351,8.1,22,15.1,14.7,1.7,5.7,9.3,27.1,2.6,2,4.5,0.155,2.6,1.2,3.8,2
Ed Davis,C,32,CLE,31,201,9.3,0.632,0,0.875,7.9,26.9,17.6,4.5,0.7,4,18.4,6,0.2,0.3,0.5,0.126,-4.2,2.5,-1.8,0
Terence Davis,SG,24,SAC,30,536,14.6,0.543,0.558,0.165,2.2,17,9.5,11.9,2.2,1.8,10.3,25.6,0,0.5,0.5,0.044,-0.6,-0.4,-0.9,0.2
Gabriel Deck,PF,26,OKC,7,56,11.5,0.643,0.286,0,1.8,9.3,5.5,13.7,0.9,0,12.5,12.3,0.1,0,0.1,0.08,-1.2,-1.3,-2.5,0
Dewayne Dedmon,C,32,MIA,67,1065,15.9,0.632,0.162,0.345,11.4,29.4,20.6,6.7,1.1,4.2,17.3,16.9,1.5,2,3.5,0.157,-2.2,1.1,-1,0.3
Sam Dekker,PF,27,TOR,1,1,0,0,0,0,0,0,0,0,0,0,0,0,0,0,0,0.003,-6.2,-3.4,-9.6,0
Javin DeLaurier,C,23,MIL,1,3,15.6,0,0,0,0,34.6,17.7,0,16,0,0,0,0,0,0,0.26,-4.8,11.8,7,0
DeMar DeRozan,PF,32,CHI,76,2743,23.1,0.59,0.093,0.386,2.3,13.7,8,23.3,1.2,0.8,9.2,31.8,7,1.8,8.8,0.154,3.4,-0.9,2.5,3.1
Mamadi Diakite,PF,25,OKC,13,188,11.6,0.54,0.106,0.234,9.2,23.3,16.1,1.6,1.3,4.5,11.9,13.5,0.1,0.3,0.3,0.08,-5.9,0.9,-5,-0.1
Cheick Diallo,C,25,DET,3,31,12.3,0.517,0,0.75,13.3,29.4,20.9,0,1.6,0,8.6,16.1,0,0,0.1,0.108,-4.2,-3.3,-7.5,0
Hamidou Diallo,SG,23,DET,58,1269,15.7,0.541,0.177,0.266,5.6,18.7,11.8,9.8,2.7,1.2,9,21.8,0.6,1.5,2.1,0.079,-1.2,0.7,-0.5,0.5
Gorgui Dieng,C,32,ATL,44,371,17.3,0.624,0.607,0.232,9.5,26.1,17.8,12.7,1.5,3.1,13.9,16.9,0.8,0.4,1.2,0.155,1.4,0.8,2.1,0.4
Spencer Dinwiddie,PG-SG,28,TOT,67,1980,15.1,0.543,0.449,0.343,2.6,13,7.8,25.7,1.1,0.6,10.9,21.4,2.7,1.4,4.1,0.098,0.8,-0.4,0.3,1.2
Donte DiVincenzo,SG,25,TOT,42,1006,11.3,0.51,0.649,0.247,4.3,14,9.1,16.1,2.3,0.7,16.2,18.9,-0.1,0.9,0.7,0.035,-1.8,-0.5,-2.3,-0.1
Luka Dončić,PG,22,DAL,65,2301,25.1,0.571,0.406,0.349,2.7,26,14.3,46,1.6,1.4,15.3,37.4,3.8,3.8,7.6,0.159,6.4,1.8,8.2,5.9
Luguentz Dort,SG,22,OKC,51,1665,12.3,0.541,0.539,0.263,2.3,10.9,6.5,8.6,1.3,1,9.8,23.3,0.2,1.1,1.4,0.04,-1.5,-0.7,-2.3,-0.1
Ayo Dosunmu,SG,22,CHI,77,2110,11.2,0.596,0.348,0.146,1.4,9.9,5.7,16.5,1.4,1.2,15.9,14.1,1.7,1.3,3,0.069,-1.9,-0.1,-2,0
Damyean Dotson,SG,27,NYK,2,21,6.4,0.5,0.25,0,0,10.4,5.1,6.9,0,0,0,8.3,0,0,0,0.045,-3.7,-1.2,-4.9,0
Devon Dotson,PG,22,CHI,11,85,9.8,0.538,0.391,0.391,1.3,10.5,6,23.9,0.6,0,15.6,16.6,0.1,0,0.1,0.048,-3.4,-1.5,-4.9,-0.1
Sekou Doumbouya,PF,21,LAL,2,16,40.7,0.717,0.25,0.5,13.5,26.8,20.2,0,9,11.1,17,31.6,0,0.1,0.1,0.3,8.8,10,18.8,0.1
Jeff Dowtin,PG,24,TOT,9,108,6.8,0.353,0.346,0.077,7.9,9.8,8.9,12.7,2.2,0.9,15.7,12.8,-0.1,0.1,0,-0.01,-5.7,0.1,-5.6,-0.1
PJ Dozier,SG,25,DEN,18,340,8.7,0.463,0.485,0.131,4.8,15.6,10.3,11.3,1.6,1.6,11,15.2,-0.1,0.4,0.3,0.038,-3,1,-2,0
Goran Dragić,PG,35,TOT,21,498,10,0.474,0.417,0.219,2.9,11.3,7.1,22.9,1.9,0.7,17,17.2,-0.1,0.4,0.4,0.034,-2.8,-0.5,-3.3,-0.2
Andre Drummond,C,28,TOT,73,1437,21,0.574,0.007,0.379,18,34.1,26.2,13.7,2.7,4.2,18.5,19,2,3.1,5.1,0.17,-0.1,1.4,1.3,1.2
Chris Duarte,SG,24,IND,55,1541,12.3,0.537,0.411,0.18,2.9,13.6,8.2,10.9,1.8,0.6,11.8,21.1,0.2,0.7,0.9,0.029,-1.2,-1.1,-2.3,-0.1
David Duke Jr.,PG,22,BRK,22,341,10,0.444,0.343,0.194,9.8,11.5,10.7,6.6,2,1.8,7.1,15.9,0,0.3,0.3,0.048,-3,-0.9,-3.9,-0.2
Kris Dunn,PG,27,POR,14,336,12.5,0.482,0.108,0.176,2.8,13.6,8,35.1,3.3,0.9,22.5,18.3,-0.1,0.3,0.2,0.024,-4.6,-0.8,-5.4,-0.3
Kevin Durant,PF,33,BRK,55,2047,25.6,0.634,0.269,0.367,1.6,19.6,10.8,29.1,1.1,2.3,12.9,31.2,6.4,2,8.4,0.198,6.4,0.7,7.2,4.8
Jaime Echenique,C,24,WAS,1,3,0,0,0,0,0,0,0,0,0,0,0,0,0,0,0,-0.012,-5.5,-3,-8.5,0
Anthony Edwards,SG,20,MIN,72,2466,16.5,0.56,0.484,0.225,2.6,12.5,7.5,17.4,2,1.8,12.2,26.4,1.8,2.4,4.3,0.084,1.6,-0.4,1.2,2
Carsen Edwards,SG,23,DET,4,79,5.5,0.378,0.533,0.033,2.6,5.8,4.1,26.2,1.2,0,14.1,19.2,-0.1,0,-0.1,-0.075,-6,-3.4,-9.3,-0.1
Kessler Edwards,SF,21,BRK,48,987,8.3,0.516,0.509,0.071,5,13.8,9.5,4.1,1.4,2.2,13.2,13.8,-0.2,0.9,0.6,0.031,-3.1,-0.8,-3.8,-0.5
Rob Edwards,SG,25,OKC,2,11,-0.8,0.375,1,0,0,28.5,14,0,0,0,20,19.6,-0.1,0,0,-0.181,-8.3,-2.9,-11.2,0
CJ Elleby,SF,21,POR,58,1174,9.2,0.491,0.409,0.273,6,15.6,10.6,10.6,1.5,1.6,14,14.8,-0.1,0.5,0.4,0.016,-3.8,-1.5,-5.3,-1
Wayne Ellington,SG,34,LAL,43,810,9.9,0.593,0.89,0.046,1.3,8.9,5.1,5,1.4,0.5,7.3,13.8,0.6,0.4,1,0.062,-0.7,-0.6,-1.4,0.1
Joel Embiid,C,27,PHI,68,2297,31.2,0.616,0.188,0.602,7.2,31.1,19.4,23.5,1.7,3.9,11.3,37.2,7.9,4.1,12,0.252,7.2,2,9.2,6.5
James Ennis III,SF,31,TOT,7,56,17.7,0.553,0.333,0.208,9.9,13.1,11.6,7.4,1.7,3.1,7.1,22,0.1,0.1,0.1,0.114,-0.1,-1,-1.1,0
Drew Eubanks,C,24,TOT,71,1245,18,0.638,0.062,0.35,11,22.2,16.5,10.1,1.2,2.8,15.9,17.5,2.2,1.1,3.4,0.13,-0.5,-0.9,-1.4,0.2
Tacko Fall,C,26,CLE,11,59,11.3,0.398,0,0.583,13.4,29.4,21.6,4.6,0,9.1,16.6,13.6,-0.1,0.1,0.1,0.043,-4.1,0.8,-3.4,0
Derrick Favors,C,30,OKC,39,653,13.6,0.534,0.088,0.137,9,20.2,14.5,5.9,1.3,1.7,4.5,13.4,0.8,0.7,1.4,0.105,-2.3,0.3,-2.1,0
Bruno Fernando,C,23,TOT,30,152,21.2,0.671,0.036,0.436,13,26.6,19.8,7.5,0.3,6.5,17.6,22.4,0.2,0.2,0.4,0.14,-0.4,0.2,-0.1,0.1
Dorian Finney-Smith,PF,28,DAL,80,2644,12.5,0.604,0.629,0.12,5.1,10.7,7.9,8.2,1.7,1.3,9.9,13.8,3.4,3.2,6.6,0.121,0.1,0.7,0.8,1.9
Malik Fitts,PF,24,TOT,15,63,10.7,0.553,0.526,0,3.5,25.2,14.7,12.7,0,0,9.5,14.6,0.1,0.1,0.1,0.097,-0.6,-0.5,-1.1,0
Malachi Flynn,PG,23,TOR,44,537,11.7,0.488,0.492,0.131,1.9,11.3,6.4,18.5,1.9,0.7,6.3,16.5,0.5,0.5,1,0.092,-1.8,0.4,-1.5,0.1
Bryn Forbes,SG,28,TOT,75,1286,11.5,0.574,0.547,0.161,0.9,6.9,3.9,8.3,0.9,0.3,8.8,21.2,0.8,0.6,1.4,0.054,-0.7,-2.2,-2.9,-0.3
Aleem Ford,SF,24,ORL,5,74,0.5,0.35,0.75,0,2.8,18.6,10.7,3.8,0.7,0,16.7,14,-0.2,0.1,-0.2,-0.103,-9.1,-2.2,-11.4,-0.2
Trent Forrest,PG,23,UTA,60,765,10.9,0.554,0.174,0.31,3.4,10.5,7.1,18.6,1.9,0.7,21.4,12.8,0.5,0.8,1.3,0.084,-2.3,1.2,-1,0.2
Evan Fournier,SG,29,NYK,80,2358,12.3,0.554,0.641,0.117,1.5,8.2,4.8,11.9,1.7,0.8,9.4,20.8,1.5,2.2,3.7,0.075,-0.4,-0.3,-0.7,0.7
De'Aaron Fox,PG,24,SAC,59,2083,17.4,0.549,0.228,0.319,1.3,10.9,6,26.8,1.6,1,11.9,29.1,1.5,1,2.5,0.058,0.6,-1.2,-0.6,0.7
Melvin Frazier,SG,25,OKC,3,120,-0.4,0.313,0.438,0.146,4.2,7,5.6,1.2,0.4,0,5.5,19.5,-0.4,0,-0.4,-0.16,-9.7,-6.7,-16.4,-0.4
Tim Frazier,PG,31,TOT,12,208,3.3,0.398,0.378,0.2,2.5,7.1,4.8,22.5,0.7,0.4,23.5,13.3,-0.3,0.1,-0.2,-0.046,-6.8,-1.8,-8.6,-0.3
Enes Freedom,C,29,BOS,35,411,15,0.585,0.052,0.289,16.5,25.4,21,2.7,0.6,3.1,15.5,13.9,0.6,0.7,1.4,0.16,-1.2,-0.2,-1.4,0.1
Markelle Fultz,PG,23,ORL,18,360,17.7,0.517,0.097,0.177,1.2,13.2,7.2,48.9,2.7,1.3,17.5,27.5,0,0.4,0.4,0.053,-0.1,0.4,0.2,0.2
Wenyen Gabriel,PF,24,TOT,26,358,12.5,0.549,0.255,0.382,11.8,17.2,14.5,5.6,0.7,2.7,11.1,17.4,0.4,0.3,0.7,0.09,-3.7,-2.1,-5.9,-0.4
Daniel Gafford,C,23,WAS,72,1444,21.8,0.708,0.002,0.372,12.1,19,15.6,7.3,1,5.8,12,16.7,4.4,1.6,6,0.198,1.1,0.5,1.6,1.3
Danilo Gallinari,PF,33,ATL,66,1672,14.3,0.579,0.492,0.261,2.3,17.8,10.1,8.5,0.8,0.6,5.4,18.4,2.8,0.8,3.6,0.105,1,-1.2,-0.2,0.8
Langston Galloway,SG,30,TOT,7,107,0.7,0.269,0.615,0,3.1,14.7,9,13.7,0.4,0,18.8,12.8,-0.3,0.1,-0.2,-0.1,-8,-1.8,-9.8,-0.2
Darius Garland,PG,22,CLE,68,2430,19,0.576,0.387,0.205,1.8,8.2,5.1,39.9,1.8,0.3,16.2,27.8,3.8,2.5,6.3,0.125,3.4,-0.8,2.6,2.8
Marcus Garrett,SG,23,MIA,12,128,4.7,0.28,0.19,0.238,8.1,12.2,10.2,7,2,2.5,7.9,8.8,-0.1,0.2,0.1,0.032,-6.4,1,-5.4,-0.1
Usman Garuba,PF,19,HOU,24,239,12.9,0.51,0.455,0.159,9.6,28.7,19.1,9.6,2,4.1,11.3,9.4,0.2,0.3,0.5,0.105,-1.8,0.9,-0.9,0.1
Luka Garza,C,23,DET,32,389,15.6,0.535,0.333,0.415,15.3,12.3,13.9,8.3,1.1,1.4,9.4,21.1,0.5,0.2,0.8,0.093,-0.5,-2,-2.5,-0.1
Rudy Gay,PF,35,UTA,55,1038,13,0.539,0.536,0.208,6,19.1,12.8,7.8,1.2,1.6,10.2,19.3,0.8,1.3,2.1,0.097,-0.7,-0.3,-1,0.3
Paul George,PF,31,LAC,31,1077,18.6,0.538,0.404,0.233,1.2,19.2,10.5,28.1,3,1,15.2,33.7,-0.6,1.9,1.3,0.057,1.8,1.9,3.7,1.6
Taj Gibson,C,36,NYK,52,946,12,0.606,0.229,0.313,9.8,16.3,13,4.9,1.2,4.2,12.5,10,1.4,1.2,2.7,0.135,-3,1,-2,0
Josh Giddey,SF,19,OKC,54,1700,13.3,0.478,0.318,0.118,5.8,19.8,12.7,32.3,1.5,1.1,19.5,22.2,-1.3,1.7,0.4,0.01,-1.2,0.3,-0.9,0.5
Shai Gilgeous-Alexander,PG,23,OKC,56,1942,20.9,0.557,0.282,0.385,1.9,13,7.4,31.1,1.8,2.2,11.1,30.8,2.8,1.8,4.6,0.113,2.9,0.5,3.4,2.7
Anthony Gill,PF,29,WAS,44,463,14.7,0.682,0.239,0.477,8,12.2,10.2,8.3,0.5,2,12,14.4,1.1,0.2,1.4,0.14,-0.6,-1.3,-1.9,0
Freddie Gillespie,PF,24,ORL,9,119,9.5,0.419,0.045,0.318,11.5,20.5,16,5.9,1.2,6.9,16.6,10.9,-0.1,0.2,0.1,0.049,-5.6,1,-4.6,-0.1
Rudy Gobert,C,29,UTA,66,2120,24.7,0.732,0.008,0.864,12.9,36.3,25,5.1,1,5.7,14.5,16.9,7.3,4.3,11.7,0.264,2.9,1.7,4.6,3.6
Brandon Goodwin,PG,26,CLE,36,502,11.8,0.501,0.357,0.247,3.1,11.4,7.4,26,2.5,0.2,17.4,18.2,0.1,0.7,0.7,0.069,-2.6,1.1,-1.6,0.1
Jordan Goodwin,SG,23,WAS,2,6,-20.4,0,0.333,0,0,18.2,9.2,0,0,0,0,22.2,-0.1,0,-0.1,-0.533,-24.7,-9.4,-34.1,0
Aaron Gordon,PF,26,DEN,75,2376,15.3,0.602,0.312,0.276,6.1,14.3,10.3,11.6,0.9,1.7,12.5,19.7,3.2,2,5.2,0.105,0.5,-1.1,-0.6,0.9
Eric Gordon,SG,33,HOU,57,1669,12.1,0.614,0.534,0.239,1,6.5,3.7,14.1,0.8,1,14.6,18.6,1.5,-0.1,1.4,0.04,-0.1,-2.2,-2.3,-0.1
Devonte' Graham,PG,26,NOP,76,2162,12.1,0.514,0.691,0.172,1.9,7.3,4.5,21,1.6,0.5,10.7,19.5,1.6,1.2,2.8,0.062,0.2,-1.2,-1,0.5
Jerami Grant,PF,27,DET,47,1500,16.1,0.556,0.363,0.371,1.9,12.4,6.9,12.5,1.4,2.9,9.5,25.7,1.2,1.1,2.3,0.075,1.4,-0.2,1.2,1.2
Hassani Gravett,PG,25,ORL,8,171,10.1,0.629,0.684,0.105,0.6,12.4,6.5,17,1.4,0.5,18.5,12.3,0.1,0.1,0.3,0.071,-2.4,0.2,-2.3,0
Danny Green,SF,34,PHI,62,1353,9.5,0.561,0.847,0.044,2.7,10.1,6.5,6.5,2.2,2.5,12.1,12.3,0.3,1.6,1.9,0.067,-1.4,0.8,-0.5,0.5
Draymond Green,PF,31,GSW,46,1329,14.3,0.582,0.21,0.354,3.8,23.2,13.8,32.5,2.2,3.6,31.9,14.3,0.8,2.8,3.6,0.131,-1.4,4.6,3.2,1.8
Jalen Green,SG,19,HOU,67,2138,12.5,0.547,0.48,0.247,1.7,10,5.8,13.1,1,0.8,11.3,23.7,0.5,0.2,0.7,0.015,-0.5,-2.4,-2.9,-0.5
JaMychal Green,PF,31,DEN,67,1085,14.1,0.587,0.379,0.284,8.6,19.9,14.5,7.6,1.9,2.2,13.4,17.2,1.2,1.4,2.7,0.118,-2,0.1,-1.8,0
Javonte Green,SF,28,CHI,65,1519,14,0.637,0.311,0.295,6.8,13.6,10.2,5.3,2.2,1.8,7.6,11.5,2.9,1.5,4.4,0.139,-0.6,0.7,0.1,0.8
Jeff Green,PF,35,DEN,75,1849,12.5,0.627,0.318,0.374,2.6,11.1,7,7.3,0.7,1.3,10.3,16.3,2.7,1.2,3.9,0.101,-1.2,-1.3,-2.5,-0.2
Josh Green,SG,21,DAL,67,1039,11.9,0.578,0.305,0.176,5.6,11.7,8.6,11,2.2,1.2,13.8,13.9,1,1.4,2.4,0.111,-2.4,1.4,-1,0.3
Blake Griffin,C,32,BRK,56,958,13.7,0.518,0.463,0.243,7,18.6,13,15,1.4,1.3,8.2,16.9,1.2,0.9,2.1,0.106,-0.6,0.1,-0.5,0.3
Quentin Grimes,SG,21,NYK,46,786,10.7,0.565,0.804,0.081,3.2,9.8,6.4,8.5,2,1.4,10.3,15.1,0.6,0.9,1.4,0.087,-1.2,0.9,-0.3,0.3
Kyle Guy,SG,24,MIA,19,186,9.5,0.526,0.615,0.185,2.5,7.8,5.2,13.5,1.9,0.6,15.6,19.9,-0.1,0.2,0.1,0.035,-3.1,-0.3,-3.4,-0.1
Rui Hachimura,PF,23,WAS,42,943,14.9,0.579,0.323,0.173,3,15.6,9.4,7.9,1.2,0.8,7.4,20.9,0.9,0.6,1.4,0.073,0.2,-1.7,-1.4,0.1
Tyrese Haliburton,SG-PG,21,TOT,77,2695,18.2,0.595,0.428,0.209,2.5,10.3,6.3,34.1,2.4,1.6,16.7,19,5.2,1.8,7,0.125,2.7,-0.1,2.6,3.1
Tyler Hall,SG,24,NYK,1,2,0,0,0,0,0,0,0,0,0,0,0,0,0,0,0,0.007,-8.1,-0.5,-8.5,0
R.J. Hampton,SG,20,ORL,64,1402,8.5,0.481,0.4,0.256,1.7,12.9,7.3,16.9,1.4,0.8,14.6,18.4,-1.3,1.1,-0.2,-0.005,-4,-0.1,-4.1,-0.7
Tim Hardaway Jr.,SG,29,DAL,42,1245,12.7,0.52,0.574,0.194,1.2,12.8,7,11.4,1.5,0.4,5.6,22,0.5,1.5,2,0.077,-0.4,0.2,-0.2,0.6
James Harden,PG,32,TOT,65,2419,20.9,0.583,0.452,0.54,2.6,19.7,11.3,40.3,1.7,1.3,18.8,27.2,4.9,2.7,7.6,0.152,3.7,0.3,4,3.7
Maurice Harkless,SF,28,SAC,47,863,7.7,0.561,0.558,0.155,1.5,12.7,7.1,3.6,1.6,2.4,13.8,11.2,-0.1,0.6,0.5,0.026,-3.7,0.4,-3.3,-0.3
Jared Harper,PG,24,NOP,5,43,36.9,0.666,0.462,0.154,5,0,2.6,64.1,4.6,2.2,6.7,29.7,0.3,0.1,0.4,0.422,14.2,3.1,17.3,0.2
Montrezl Harrell,C,28,TOT,71,1641,23.2,0.68,0.031,0.533,10,18.7,14.4,13.9,0.9,2.3,9.5,20.2,6.1,1.2,7.3,0.213,3.7,0.1,3.9,2.4
Gary Harris,SG,27,ORL,61,1730,10.9,0.571,0.546,0.172,2.2,5.3,3.7,9.5,1.6,0.5,9.3,16.4,1.1,1,2.2,0.06,-2,-0.4,-2.4,-0.2
Joe Harris,SF,30,BRK,14,423,9.6,0.624,0.71,0.048,1.3,12.8,7.2,4.5,0.8,0.4,11.2,14.5,0.3,0.2,0.5,0.06,-0.9,-0.5,-1.4,0.1
Tobias Harris,PF,29,PHI,73,2543,15.9,0.566,0.269,0.198,3.4,18.1,10.9,15.9,0.9,1.5,9.5,21.7,3,2.6,5.6,0.105,0.6,-0.6,0,1.3
Shaquille Harrison,SG,28,BRK,2,23,4.6,0.333,0.333,0,4.9,13.8,9.5,16.6,2.1,3.9,25,15,-0.1,0,0,-0.067,-9,0.6,-8.3,0
Josh Hart,SG,26,TOT,54,1791,16.1,0.61,0.374,0.371,3.7,20.7,12,18.9,1.7,0.7,14.7,18.6,2.8,1.5,4.4,0.117,0.5,0.5,0.9,1.3
Isaiah Hartenstein,C,23,LAC,68,1216,22,0.664,0.082,0.361,10.5,18.2,14.5,20.5,2,5.4,16.5,18.4,3.3,2.2,5.5,0.215,1.4,3.1,4.5,2
Udonis Haslem,C,41,MIA,13,83,8.6,0.495,0.129,0.097,5.6,28.2,17.1,7.4,0.6,1.3,13.4,20,-0.1,0.1,0.1,0.033,-6.4,-0.7,-7.1,-0.1
Sam Hauser,SF,24,BOS,26,158,14.8,0.65,0.88,0,3.5,16,9.9,9.1,0.3,1.2,3.8,14.5,0.4,0.2,0.6,0.171,2.7,-0.3,2.3,0.2
Jaxson Hayes,C,21,NOP,70,1398,18.5,0.68,0.143,0.472,8.9,16.2,12.5,4.7,1.2,3.8,10.1,16.4,3.7,1.3,5.1,0.174,0.6,-0.3,0.2,0.8
Killian Hayes,PG,20,DET,66,1647,9.3,0.461,0.364,0.161,2.2,12,6.9,24.6,2.3,1.9,18.4,15.7,-1,1.5,0.5,0.014,-4.3,0.8,-3.5,-0.6
Gordon Hayward,SF,31,CHO,49,1564,15.1,0.57,0.357,0.241,2.5,12.8,7.6,16.1,1.4,1.3,10.6,20.7,1.9,1,2.8,0.087,0.1,-0.8,-0.7,0.5
Aaron Henry,SF,22,PHI,6,17,-7.4,0.2,0.2,0,0,6.5,3.3,0,0,10.6,28.6,18.5,-0.1,0,-0.1,-0.306,-14,-2.4,-16.5,-0.1
Juancho Hernangómez,PF,26,TOT,40,445,11.5,0.542,0.651,0.321,7,17.1,12.2,6,1.6,2,11.7,13.4,0.3,0.6,0.9,0.095,-0.7,0.1,-0.6,0.2
Willy Hernangómez,C,27,NOP,50,839,22.2,0.582,0.037,0.431,18.5,26.3,22.3,11.9,1.2,2.2,11.6,22.5,2.2,0.9,3.2,0.18,1.8,-1.5,0.2,0.5
Tyler Herro,SG,22,MIA,66,2151,16.2,0.561,0.391,0.195,1.7,15.4,8.7,20.9,1,0.4,12.5,28.8,1.3,2.4,3.8,0.084,1.6,-0.9,0.7,1.5
Buddy Hield,SG,29,TOT,81,2499,12.9,0.548,0.652,0.116,2.9,12.8,7.8,13.8,1.4,0.9,11.7,22.4,0.8,1.1,1.9,0.036,0.5,-1.7,-1.2,0.5
Haywood Highsmith,SF,25,MIA,19,163,7,0.446,0.609,0.109,7.1,10.9,9,5.1,0.6,1.9,5.9,14,0,0.2,0.1,0.041,-3.3,-1.3,-4.6,-0.1
George Hill,PG,35,MIL,54,1253,10.2,0.552,0.487,0.225,3.3,9.7,6.6,12.4,1.6,0.5,11.9,11.7,1.3,1,2.3,0.087,-2.2,0.6,-1.6,0.1
Malcolm Hill,SF-SG,26,TOT,19,212,12.7,0.619,0.692,0.269,5.8,12.6,9.2,5,1.6,1.2,4.9,12.7,0.4,0.2,0.6,0.126,-1.1,-0.5,-1.6,0
Solomon Hill,SF,30,ATL,13,139,3.3,0.2,0.65,0,4.8,13.3,9.1,10.3,1.4,1.3,4.8,6.6,-0.1,0.1,0,-0.006,-5.2,1.2,-4,-0.1
Nate Hinton,SG,22,IND,2,2,-45.2,0,0,0,0,0,0,0,0,0,50,42.8,-0.1,0,-0.1,-1.231,-28.1,-14.5,-42.6,0
Jaylen Hoard,SF,22,OKC,7,240,18,0.536,0.278,0.156,12.7,23.5,18,11.6,1.2,1.9,7.7,18.7,0.3,0.3,0.6,0.118,1.2,-2.1,-0.9,0.1
Aaron Holiday,PG,25,TOT,63,1021,12.6,0.544,0.305,0.201,2.6,10.3,6.5,20.7,2,0.7,15.4,18.7,0.5,0.9,1.5,0.068,-1.9,0.3,-1.7,0.1
Jrue Holiday,PG,31,MIL,67,2207,19.8,0.593,0.336,0.189,3.4,10.9,7.2,31.8,2.4,1.3,15,23.5,4.5,2.4,6.9,0.15,2.9,0.3,3.2,2.9
Justin Holiday,SF-SG,32,TOT,74,2057,9.5,0.543,0.728,0.094,1.5,8.8,5.1,8.6,1.3,1.4,9.2,15.8,0.8,0.6,1.4,0.033,-1.4,-0.8,-2.2,-0.1
Richaun Holmes,C,28,SAC,45,1074,17.8,0.689,0.017,0.3,9.3,22.9,16.1,6.8,0.8,3.3,14.2,15.8,2.4,0.9,3.2,0.145,-0.4,-0.1,-0.5,0.4
Rodney Hood,PF-SF,29,TOT,52,709,7.2,0.493,0.58,0.121,2.3,9.1,5.8,6.9,1,0.8,6.2,10.7,0.2,0.5,0.7,0.048,-3,-0.3,-3.3,-0.2
Scotty Hopson,SG,32,OKC,1,18,0.1,0.5,0.25,0,0,5.8,2.9,8.1,0,0,33.3,14.4,-0.1,0,0,-0.132,-8.7,-2.9,-11.6,0
Al Horford,C,35,BOS,69,2005,16.7,0.574,0.466,0.167,6,22.2,14.3,16.4,1.2,4.2,9.6,14.8,3.7,3.8,7.6,0.181,1.4,2.9,4.3,3.2
Talen Horton-Tucker,SG,21,LAL,60,1511,11,0.503,0.338,0.232,2.6,11.1,6.9,14.9,1.9,1.7,12.1,19.2,-0.2,1.2,1.1,0.033,-3.2,-0.2,-3.3,-0.5
Danuel House Jr.,SF,28,TOT,42,727,10.6,0.555,0.591,0.293,2.8,13.8,8.4,8.4,1.4,2.1,12.9,15.2,0.4,0.7,1,0.068,-1.3,0.2,-1.1,0.2
Dwight Howard,C,36,LAL,60,971,18.2,0.657,0.068,0.667,13.1,26.3,19.7,5,1.7,3.3,14.2,14.6,2.2,1.3,3.5,0.174,-0.2,0,-0.2,0.4
Markus Howard,SG,22,DEN,31,176,16.1,0.567,0.693,0.228,1.3,6.1,3.8,6.2,2.5,0,5.9,29.4,0.1,0.2,0.3,0.082,0.8,-2,-1.2,0
Kevin Huerter,SF,23,ATL,74,2188,11.9,0.57,0.541,0.068,1.6,11,6.4,13.2,1.2,1.1,10.4,17.5,1.8,1,2.8,0.062,-0.5,-0.7,-1.2,0.4
Jay Huff,C,23,LAL,4,20,0.6,0,0.667,0,5.4,16.1,10.8,5.9,2.4,4.5,25,8.6,-0.1,0,0,-0.117,-8.3,0.9,-7.4,0
Elijah Hughes,SG-SF,23,TOT,36,434,5.4,0.426,0.66,0.063,1.5,13.4,7.3,7.2,1.6,1.8,10.3,16.5,-0.6,0.3,-0.4,-0.043,-5.2,-1.7,-6.9,-0.5
Feron Hunt,SF,22,NYK,2,8,-3,0,0,0,13.2,0,6.7,16,6.3,0,33.3,16.4,-0.1,0,0,-0.234,-12.3,1,-11.3,0
De'Andre Hunter,SF,24,ATL,53,1577,10.6,0.547,0.339,0.289,1.8,10.4,6.1,6.1,1.1,1.2,9.6,19.9,0.4,0.7,1.1,0.034,-2.4,-1.5,-3.9,-0.8
Chandler Hutchison,SF,25,PHO,6,22,1,0.694,0,1,0,23.8,12.2,10.5,0,0,58.1,13.5,-0.1,0,0,-0.086,-8,-0.5,-8.5,0
Bones Hyland,SG,21,DEN,69,1310,14.4,0.558,0.627,0.219,1.2,14.4,8,21.2,1.5,1.4,12.1,23.8,1.1,1.3,2.4,0.088,0.3,-0.7,-0.4,0.5
Serge Ibaka,C,32,TOT,54,877,14.4,0.579,0.334,0.149,7.7,22.2,15.1,8.4,0.6,3.3,12,17.8,0.8,1.1,2,0.108,-1.3,-0.2,-1.5,0.1
Andre Iguodala,SF,38,GSW,31,603,12.3,0.478,0.612,0.165,3.9,13.9,9.1,24.7,2.2,3.5,17.7,11.4,0.5,1.1,1.6,0.125,-0.9,3.7,2.7,0.7
Joe Ingles,SF,34,UTA,45,1122,10,0.551,0.789,0.077,1.2,11.2,6.4,19,1,0.4,13.5,13.2,1.3,0.9,2.2,0.094,-0.7,0.5,-0.3,0.5
Brandon Ingram,SF,24,NOP,55,1869,18.7,0.554,0.23,0.328,2,17.3,9.5,27.8,0.9,1.3,11.8,29.3,2.5,1.3,3.9,0.099,2.6,-0.6,2,1.9
Kyrie Irving,PG,29,BRK,29,1091,21.4,0.592,0.388,0.209,1.6,10.8,6.3,25.2,1.8,1.4,9.8,29.4,2.4,0.9,3.3,0.147,4.2,-1.2,3,1.4
Wes Iwundu,SF,27,ATL,3,82,7.1,0.557,0.278,0.222,4,13.3,8.7,0,0.6,0,4.8,11.1,0.1,0,0.1,0.046,-4.1,-2.7,-6.8,-0.1
Frank Jackson,PG,23,DET,53,1164,10.6,0.53,0.578,0.215,1.7,6.7,4,7.6,1.1,0.7,6.7,20.9,0.3,0.4,0.7,0.031,-1.8,-1.7,-3.5,-0.4
Isaiah Jackson,PF,20,IND,36,541,20.5,0.607,0.078,0.427,12.2,18.7,15.4,2.9,2.3,8.4,14,22.5,0.7,0.7,1.4,0.126,-1.6,0.1,-1.5,0.1
Jaren Jackson Jr.,PF,22,MEM,78,2126,17,0.535,0.387,0.333,5.7,16.9,11.2,5.8,1.6,7.4,9.9,25.4,1.7,3.7,5.4,0.121,-0.9,0.8,-0.1,1
Josh Jackson,SF,24,TOT,51,830,9.5,0.491,0.433,0.257,2.6,16.4,9.2,10,1.5,2.4,12.3,19.7,-0.7,0.7,0,0.001,-4.1,-0.4,-4.5,-0.5
Justin Jackson,SF,26,TOT,7,37,7.7,0.472,0.6,0.133,3,16.9,10.1,7.1,0,0,5.9,19.7,0,0,0,0.032,-2.2,-1.1,-3.3,0
Reggie Jackson,SG,31,LAC,75,2337,12.1,0.488,0.419,0.133,1.8,10.2,6.1,24.6,1.2,0.5,11.8,27.6,-1.7,2,0.4,0.008,-1.4,-1.6,-3,-0.6
LeBron James,PF,37,LAL,56,2084,26.2,0.619,0.367,0.275,3.3,20.4,11.8,30.6,1.7,2.5,12.5,32.3,5.2,2.3,7.5,0.172,6.9,0.8,7.7,5.1
DeJon Jarreau,SG,24,IND,1,1,0,0,0,0,0,0,0,0,0,0,0,0,0,0,0,-0.022,-6.5,-1.5,-8,0
DaQuan Jeffries,SG,24,MEM,3,9,8.4,0.5,0.5,0,0,23.8,11.6,14,0,0,0,9.1,0,0,0,0.099,-5.8,0.9,-4.9,0
Ty Jerome,SG,24,OKC,48,801,11.3,0.488,0.567,0.143,2.4,7.7,5,21.3,1.8,0.6,9.6,20.8,0,0.5,0.5,0.032,-2.2,-0.2,-2.3,-0.1
Isaiah Joe,SG,22,PHI,55,609,7.7,0.519,0.763,0.175,1.1,9,5.1,8.1,1.1,0.4,9.1,15.5,0,0.4,0.4,0.035,-3.1,-1.5,-4.6,-0.4
Alize Johnson,PF,25,TOT,23,167,10.7,0.463,0.103,0.308,18.8,22.1,20.4,7.1,1.5,0,21.3,14.8,0,0.1,0.1,0.041,-3.6,-1.8,-5.5,-0.1
B.J. Johnson,SF,26,ORL,4,65,12.1,0.52,0.4,0,9.7,14.7,12.2,0,0,1.4,0,16.7,0.1,0,0.1,0.065,-0.7,-3.9,-4.7,0
Cameron Johnson,PF,25,PHO,66,1730,15.2,0.625,0.644,0.188,2.7,14,8.5,7.7,1.6,0.8,6.7,17.5,3.2,2.4,5.6,0.156,2,0.7,2.7,2.1
David Johnson,SG,20,TOR,2,2,-20,0,1,0,0,0,0,0,0,0,0,21.4,0,0,0,-0.495,-19,-8.7,-27.7,0
Jalen Johnson,PF,20,ATL,22,120,11.3,0.59,0.317,0.171,1.8,21.8,11.9,3.7,1.2,1.5,17,19.3,-0.1,0.1,0,0.013,-3.9,-1.1,-4.9,-0.1
James Johnson,PF,34,BRK,62,1191,10.3,0.513,0.277,0.179,4.8,14.6,9.8,14.5,1.2,2.6,12.7,13.7,0.6,1.1,1.7,0.068,-2.7,0.6,-2.2,-0.1
Joe Johnson,SG,40,BOS,1,2,38.7,1,0,0,0,0,0,0,0,0,0,22,0,0,0,0.335,12.1,2.8,15,0
Keldon Johnson,SF,22,SAS,75,2392,15.2,0.574,0.395,0.231,3.5,16.7,10,9.5,1.2,0.5,7.6,21.3,2.9,2,4.9,0.098,0.7,-1.2,-0.5,0.9
Keon Johnson,SG,19,TOT,37,697,8.7,0.453,0.368,0.188,3.7,9.1,6.3,16.3,2,1.7,13.5,21.2,-0.8,0.4,-0.5,-0.031,-4,-2,-5.9,-0.7
Stanley Johnson,PF,25,LAL,48,1094,10.5,0.564,0.418,0.295,3.4,11.9,7.6,9.8,1.9,1.1,11,12.5,0.9,0.9,1.8,0.079,-2.8,0.1,-2.7,-0.2
Tyler Johnson,PG,29,TOT,6,91,7.1,0.425,0.65,0,3.5,10.7,7.1,9.5,1.6,2.8,9.1,10.5,0,0.1,0.1,0.033,-3.9,0.8,-3,0
Nikola Jokić,C,26,DEN,74,2476,32.8,0.661,0.22,0.357,9.6,35.5,23,42.6,2.2,2.3,15.6,31.9,10.8,4.5,15.2,0.296,9.2,4.5,13.7,9.8
Carlik Jones,PG,24,TOT,5,23,-1.8,0.202,0.111,0.222,4.8,9.7,7.3,26.7,2.2,0,23.3,25.1,-0.2,0,-0.1,-0.285,-11.3,-4.2,-15.5,-0.1
Damian Jones,C,26,SAC,56,1017,18.3,0.701,0.109,0.492,7.9,18.5,13.2,10.2,1.2,4,15.4,16.2,2.4,0.9,3.3,0.156,-0.2,0.5,0.3,0.6
Derrick Jones Jr.,PF,24,CHI,51,899,13,0.633,0.313,0.359,7.6,13.6,10.6,4.4,1.4,3.2,11.7,12.5,1.4,0.8,2.2,0.119,-1.5,0.5,-0.9,0.2
Herbert Jones,PF,23,NOP,78,2335,12.3,0.573,0.293,0.283,4.5,9.6,7,10,2.7,2.5,13.4,13.7,2.1,2.5,4.6,0.096,-2,1.5,-0.5,0.9
Jemerrio Jones,SF,26,LAL,2,15,14.8,0.667,0,0,14.4,7.1,10.8,0,3.2,0,0,8.6,0,0,0.1,0.17,-1.1,0.1,-1,0
Kai Jones,C,21,CHO,21,63,9.2,0.628,0.143,0.571,5,13.7,9.2,8.6,0.8,3,25.5,15.9,0,0,0,0.009,-5.2,-1.4,-6.6,-0.1
Mason Jones,SG,23,LAL,4,51,17.8,0.625,0.267,1,2.1,18.9,10.5,10.9,1.9,0,4.4,19,0.2,0,0.2,0.201,-1.2,0.3,-0.9,0
Tre Jones,PG,22,SAS,69,1148,15,0.545,0.15,0.268,2.6,11.6,7.1,27,1.8,0.5,10.8,15.6,1.9,0.9,2.9,0.121,-0.9,0.4,-0.5,0.4
Tyus Jones,PG,25,MEM,73,1549,16.5,0.544,0.371,0.12,1.1,11,5.9,28.2,2,0.1,7.3,16.6,3.4,1.6,5.1,0.158,1.2,0.5,1.7,1.4
DeAndre Jordan,C,33,TOT,48,622,17.2,0.641,0,0.28,14.7,31.4,23.1,4.9,0.9,5,18.7,13.9,0.9,1,1.9,0.145,-1.5,0.1,-1.4,0.1
Cory Joseph,PG,30,DET,65,1600,11.4,0.579,0.393,0.283,1.9,10.3,5.9,21.8,1.3,1,15.9,14.3,1.7,0.8,2.5,0.075,-2,-0.1,-2.1,0
Georgios Kalaitzakis,SF,23,TOT,13,214,8.6,0.536,0.388,0.448,3,7.3,5.1,8.8,2.5,0.9,20,20.2,-0.3,0.2,-0.1,-0.024,-5.1,-1.9,-7,-0.3
Frank Kaminsky,C,28,PHO,9,181,21.3,0.635,0.227,0.303,6.7,17.3,12.1,10.1,2.1,3.4,6.3,19,0.5,0.3,0.9,0.228,2.4,2.5,4.9,0.3
Luke Kennard,SG,25,LAC,70,1919,13.3,0.619,0.662,0.121,1.1,11.2,6.3,11.2,1.1,0.3,8.2,16.8,2.8,1.7,4.5,0.113,0.8,-0.3,0.5,1.2
Braxton Key,SF,24,TOT,11,197,13.7,0.508,0.292,0.181,6.8,21.4,13.7,8.9,2.5,5,12.4,19.4,-0.1,0.3,0.2,0.052,-3.8,0.6,-3.3,-0.1
George King,SF,28,DAL,4,19,-12.3,0.085,0.8,0.4,0,29.3,14.6,0,0,0,14.5,16.3,-0.1,0,-0.1,-0.296,-16.5,-3.5,-20.1,-0.1
Louis King,SF,22,SAC,10,104,8.1,0.438,0.574,0.213,0,12.7,6.3,12.5,0.9,0.8,0,21.2,0,0,0,0,-3,-1.6,-4.6,-0.1
Corey Kispert,SF,22,WAS,77,1801,10.9,0.586,0.623,0.121,3.3,9.4,6.4,6.7,1,1,8.5,14.6,1.6,0.7,2.3,0.061,-0.8,-1.5,-2.3,-0.1
Maxi Kleber,PF,30,DAL,59,1450,11,0.537,0.72,0.184,5.4,21.5,13.4,6.5,1,3.6,10.9,13.3,0.7,2.3,3,0.098,-1.6,1.2,-0.4,0.6
Brandon Knight,PG,30,DAL,5,65,13,0.561,0.68,0.32,0,13.7,6.8,18.6,0.8,0,12.3,22.5,0.1,0.1,0.1,0.091,-2.7,-1.9,-4.6,0
Nathan Knight,PF,24,MIN,37,267,18.7,0.603,0.148,0.682,12.5,21.8,17.1,11.9,1.2,2.9,13.6,20.7,0.6,0.3,1,0.171,-0.7,0.1,-0.6,0.1
Kevin Knox,SF,22,TOT,30,222,10.9,0.491,0.635,0.259,6.8,14.8,10.7,6.5,0.9,0.8,6.9,20,0.1,0.2,0.2,0.047,-1.9,-2.2,-4.1,-0.1
John Konchar,SG,25,MEM,72,1292,14,0.615,0.481,0.187,6.9,20.1,13.3,10.6,1.7,1.5,9.3,9.9,2.4,1.8,4.2,0.155,0.2,1.3,1.5,1.2
Furkan Korkmaz,SG,24,PHI,67,1414,10.2,0.502,0.566,0.179,1.8,11.9,6.9,13.1,1.2,0.6,8.6,17.6,0.1,1.1,1.2,0.041,-2,-1.1,-3.1,-0.4
Luke Kornet,C,26,TOT,15,103,16.6,0.506,0.185,0.222,14,16.4,15.2,12.4,1.4,2.6,0,12.7,0.2,0.2,0.4,0.194,-0.9,0.4,-0.5,0
Vit Krejci,SG,21,OKC,30,690,8.5,0.529,0.587,0.132,2.6,12.6,7.5,11.9,1.3,1.1,14.1,12.9,0.1,0.5,0.6,0.042,-4.3,-1,-5.3,-0.6
Arnoldas Kulboka,SF,24,CHO,2,5,-10.7,0,1,0,0,0,0,0,0,0,0,8.5,0,0,0,-0.217,-14.7,-7.1,-21.8,0
Jonathan Kuminga,SF,19,GSW,70,1185,15.2,0.6,0.324,0.413,5.1,16.1,10.8,8.4,1.3,1.8,12,22.7,1.3,1.8,3,0.123,-1.3,-0.2,-1.5,0.1
Kyle Kuzma,PF,26,WAS,66,2204,15.2,0.547,0.401,0.234,3.6,24.3,14.1,16.3,0.9,2.2,14.1,24.2,0,2,2,0.044,0.2,-0.4,-0.2,1
Anthony Lamb,SF,24,SAS,2,8,-0.5,0,1,0,0,13.2,6.6,27.9,0,0,0,10.6,0,0,0,-0.138,-6.2,-1.8,-8,0
Jeremy Lamb,SF-SG,29,TOT,56,935,13.3,0.521,0.49,0.305,3,15.3,9.1,12.3,1.6,2,8.6,19.7,0.6,0.6,1.2,0.063,-0.4,-0.5,-0.8,0.3
Jock Landale,C,26,SAS,54,589,16,0.597,0.436,0.201,11.1,13.5,12.3,10.6,0.8,2,12.3,18.1,1,0.4,1.5,0.121,0.7,-1.1,-0.4,0.2
Romeo Langford,SG,22,TOT,48,771,9.2,0.52,0.445,0.22,4.3,10.7,7.6,3.7,1.4,1.9,7.1,12.9,0.3,1,1.3,0.082,-2.3,1,-1.4,0.1
Zach LaVine,SG,26,CHI,67,2328,20,0.605,0.401,0.316,1.1,13.8,7.4,20.8,0.9,0.9,11.2,28.8,4.5,1.3,5.8,0.12,3.9,-1.5,2.4,2.6
Jake Layman,SF,27,MIN,34,231,9,0.5,0.479,0.247,2.7,14.3,8.4,5.3,1.4,2.1,11,16.4,-0.1,0.2,0.1,0.024,-3.3,-0.6,-3.9,-0.1
Damion Lee,SG,29,GSW,63,1256,10.9,0.561,0.488,0.196,2.4,14.9,8.8,7.1,1.5,0.5,8.4,15.8,0.9,1.8,2.7,0.102,-2.4,0.4,-2,0
Saben Lee,PG,22,DET,37,604,13.8,0.499,0.339,0.401,3.1,13,7.8,26.2,2.9,1.8,14.7,17.3,0.3,0.7,0.9,0.073,-1.9,1.5,-0.4,0.2
Alex Len,C,28,SAC,39,620,13.1,0.577,0.119,0.358,9,19.3,14.1,10.6,1,3.5,17.4,17.1,0.4,0.5,0.9,0.07,-3.2,0.3,-2.9,-0.1
Caris LeVert,SG,27,TOT,58,1781,15.1,0.525,0.3,0.226,2.7,10.7,6.7,22,1.4,1.1,10.3,25.4,1.2,1,2.2,0.059,0,-1.2,-1.2,0.4
Kira Lewis Jr.,PG,20,NOP,24,341,9.8,0.466,0.397,0.082,2.9,10,6.3,21.7,1.6,0.3,14.7,22.3,-0.3,0.2,-0.1,-0.017,-2.8,-1.2,-4,-0.2
Scottie Lewis,SG,21,CHO,2,7,14.6,0.568,0,0,0,0,0,16.2,6.9,0,0,5.3,0,0,0,0.164,0,5.9,6,0
Damian Lillard,PG,31,POR,29,1056,18.5,0.55,0.514,0.328,1.3,11.6,6.2,34,0.8,1,11.6,29.3,1.7,0.1,1.7,0.079,4,-2.7,1.3,0.9
Nassir Little,SF,21,POR,42,1088,13.5,0.575,0.489,0.298,5.7,18.7,11.9,7.4,1.1,3.3,10.1,15.8,1.2,0.6,1.7,0.076,-0.9,-0.6,-1.4,0.2
Isaiah Livers,SF,23,DET,19,383,11.1,0.629,0.711,0.156,4,12.5,8,8,1.7,1.6,13.5,12.4,0.4,0.3,0.7,0.085,-1.3,-0.2,-1.5,0
Kevon Looney,C,25,GSW,82,1732,15.7,0.586,0.003,0.343,13.5,23.8,18.8,13.2,1.4,2.9,13.8,12.2,3.5,3.2,6.8,0.187,-0.9,1.7,0.9,1.3
Brook Lopez,C,33,MIL,13,298,16,0.57,0.405,0.176,6.9,11.9,9.4,3,1.3,4.8,7.8,21.9,0.3,0.3,0.7,0.108,-0.7,-0.7,-1.3,0.1
Robin Lopez,C,33,ORL,36,612,13.7,0.57,0.03,0.271,11.7,10,10.9,14.4,0.2,2.7,16.5,18.9,0.5,0.3,0.8,0.064,-2.4,-1.4,-3.8,-0.3
Didi Louzada,SG-SF,22,TOT,9,129,6.4,0.517,0.697,0.061,4.1,10.6,7.2,5.3,0.8,1.5,12.9,13,0,0,0,-0.005,-4.1,-3.4,-7.5,-0.2
Kevin Love,C,33,CLE,74,1665,19.6,0.594,0.627,0.26,5.9,29.2,17.8,15.3,0.8,1,10.4,25.1,3.2,2.5,5.7,0.164,4.4,0.1,4.5,2.7
Kyle Lowry,PG,35,MIA,63,2133,15,0.6,0.609,0.278,1.8,13,7.5,32.3,1.6,0.8,19.3,18.2,3.7,2.7,6.4,0.143,1.1,0.8,2,2.1
Gabriel Lundberg,SG,27,PHO,4,44,7.7,0.342,0.421,0,5,11.9,8.5,31.5,3.3,0,13.6,21.5,-0.1,0.1,0,-0.005,-5.3,0.5,-4.8,0
Timothé Luwawu-Cabarrot,SF,26,ATL,52,685,9.3,0.556,0.656,0.22,2.7,10.3,6.6,7.7,1.3,0.8,8.9,14.3,0.6,0.3,0.9,0.061,-2.3,-1,-3.3,-0.2
Trey Lyles,PF,26,TOT,75,1537,16.4,0.588,0.372,0.432,6,21.2,13.4,9,0.9,1.9,9.8,20.7,2.4,1.2,3.5,0.111,0.5,-0.8,-0.3,0.7
Théo Maledon,PG,20,OKC,51,908,10.6,0.5,0.473,0.315,2.2,12.8,7.4,18.5,1.7,1.1,15.3,20.3,-0.5,0.8,0.3,0.015,-3.7,-0.7,-4.4,-0.6
Sandro Mamukelashvili,PF,22,MIL,41,407,14.7,0.618,0.452,0.191,9.3,12,10.7,7.4,1.1,2.1,10.7,14.6,0.8,0.3,1.1,0.135,0.6,-1,-0.3,0.2
Terance Mann,SF,25,LAC,81,2317,13.4,0.572,0.301,0.238,4.9,14.3,9.7,13.1,1.2,0.8,9.9,16,3.1,2.4,5.5,0.113,-0.8,0.2,-0.6,0.8
Tre Mann,PG,20,OKC,60,1367,10.2,0.501,0.463,0.139,1.9,11.2,6.4,10.7,1.7,0.8,10.2,22,-1,1,0.1,0.002,-3.3,-1.1,-4.4,-0.8
Boban Marjanović,C,33,DAL,23,128,18.5,0.615,0.057,0.314,6.9,27,16.9,4.8,0,2.1,15.8,33.3,-0.1,0.2,0.1,0.045,-3.2,-1.2,-4.4,-0.1
Lauri Markkanen,SF,24,CLE,61,1878,14.7,0.582,0.541,0.226,3.5,16.5,10.2,6.6,1.2,1.4,6.5,19.5,2.7,2.3,5,0.127,0.4,-0.1,0.4,1.1
Naji Marshall,SF,24,NOP,55,735,12.3,0.505,0.39,0.346,5.6,16,10.7,12.3,2.2,1,12.9,20.8,0,0.7,0.8,0.05,-2.7,-0.5,-3.2,-0.2
Caleb Martin,SF,26,MIA,60,1372,14.8,0.611,0.378,0.227,5.9,13,9.5,7,2.1,2.3,10.3,16.3,1.9,2.1,4,0.139,0.1,0.9,1.1,1.1
Cody Martin,SF,26,CHO,71,1866,12.7,0.579,0.376,0.253,4.6,11.7,8.1,12.4,2.3,1.6,11.5,12.1,2.4,1.5,3.9,0.101,-1.2,0.7,-0.5,0.7
Kelan Martin,SF,26,TOT,30,450,9.4,0.484,0.439,0.076,4.1,9.6,6.8,6.7,1.4,1.7,7.3,18.1,-0.1,0.2,0,0.005,-2.6,-1,-3.6,-0.2
Kenyon Martin Jr.,SF,21,HOU,79,1656,14.3,0.603,0.321,0.235,5.3,14.5,9.9,9.4,1,2.2,9.4,16.3,2.3,0.6,2.9,0.084,0,-1.2,-1.2,0.4
Garrison Mathews,SG,25,HOU,65,1712,11,0.602,0.837,0.39,2,10.2,6.1,5.3,1.6,1.3,7.1,14.4,2.2,0.5,2.8,0.078,-1.3,-1,-2.3,-0.1
Dakota Mathias,SG,26,MEM,6,16,11,0.5,1,0,0,13.4,6.5,8,3,0,0,15.4,0,0,0,0.114,-1.4,1.7,0.3,0
Wesley Matthews,SG,35,MIL,49,1002,6.9,0.536,0.714,0.127,3.2,6.4,4.9,4.6,1.1,0.8,7.2,10.7,0.6,0.6,1.2,0.056,-3,-0.3,-3.3,-0.3
Tyrese Maxey,PG,21,PHI,75,2650,16.2,0.594,0.311,0.247,1.1,8.9,5.1,19.1,1,1.1,7.4,20.2,5.4,1.9,7.3,0.132,1.3,-0.7,0.6,1.8
Skylar Mays,SG,24,ATL,28,220,11.7,0.589,0.391,0.141,2.5,9.9,6.2,10.8,1.6,0,12.8,15.5,0.2,0.1,0.3,0.061,-1.2,-0.8,-2,0
Miles McBride,PG,21,NYK,40,372,6.1,0.393,0.63,0.111,1.1,11.2,6.1,15.9,1.9,0.3,4.2,13.9,-0.1,0.4,0.2,0.032,-5.5,1,-4.5,-0.2
Mac McClung,SG-PG,23,TOT,2,25,5.2,0.621,0.5,0.167,0,12.9,6.5,5.2,1.9,3.6,31.8,16.3,0,0,0,-0.043,-8.4,-1.2,-9.6,0
CJ McCollum,SG,30,TOT,62,2145,18.3,0.553,0.403,0.146,2.6,11.5,6.9,26.1,1.6,1,9.3,27.5,2.6,1,3.6,0.081,3.2,-1.3,1.9,2.1
T.J. McConnell,PG,29,IND,27,652,15.1,0.525,0.159,0.111,3.4,12.2,7.7,28.7,2.2,1.3,11.7,16.2,1,0.4,1.3,0.098,-0.4,1.4,0.9,0.5
Jaden McDaniels,PF,21,MIN,70,1803,10.3,0.553,0.455,0.128,4.4,13.2,8.7,6.1,1.4,2.9,11.4,15.3,0.7,1.7,2.4,0.065,-2.9,-0.1,-2.9,-0.4
Jalen McDaniels,SF,24,CHO,55,895,12.7,0.595,0.425,0.283,4.3,16,10.1,8.7,1.4,2.3,11.2,15.3,1,0.7,1.7,0.093,-1.9,-0.4,-2.3,-0.1
Doug McDermott,PF,30,SAS,51,1223,11.4,0.593,0.551,0.11,1.5,8.4,4.9,7.3,0.5,0.4,8.1,18.3,1.1,0.5,1.6,0.062,-0.4,-2.1,-2.5,-0.1
JaVale McGee,C,34,PHO,74,1172,22.6,0.651,0.02,0.319,15.3,29.7,22.7,5.4,0.9,6.1,15.8,22.8,2.4,2.6,4.9,0.201,-0.1,0.9,0.8,0.8
Cameron McGriff,SF,24,POR,3,46,12.5,0.47,0.429,0.143,13.8,22.3,17.9,9.4,0,2.1,0,14,0.1,0,0.1,0.097,-1,-3,-4,0
Rodney McGruder,SG,30,DET,51,754,11.6,0.577,0.649,0.116,4.2,12.1,8,9.6,1.4,0.8,9.2,14.8,0.7,0.4,1.2,0.075,-0.7,-0.7,-1.4,0.1
Alfonzo McKinnie,SF,29,CHI,17,206,5.6,0.457,0.443,0.131,7.1,10.9,9,3.2,0.5,1.3,9.8,15.3,-0.2,0.1,-0.1,-0.015,-5.6,-3.4,-9,-0.4
JaQuori McLaughlin,PG,24,DAL,4,11,-2.9,0,0.5,0,0,0,0,22.3,0,0,0,8.2,0,0,0,-0.101,-9.4,-4.2,-13.6,0
Jordan McLaughlin,PG,25,MIN,62,902,13.4,0.535,0.425,0.2,2.6,8.8,5.6,26.1,3,1.1,14.9,11.8,1.3,1,2.3,0.123,-1.2,1.6,0.4,0.6
Ben McLemore,SG,28,POR,64,1285,11.7,0.567,0.774,0.163,1,8.1,4.4,7.3,1.4,0.8,8.7,21.3,0.7,0.2,0.8,0.031,-0.7,-2.5,-3.2,-0.4
De'Anthony Melton,SG,23,MEM,73,1657,15.2,0.529,0.535,0.173,4,17.1,10.4,16,3,2.1,13,21.3,0.9,2.8,3.7,0.107,0.3,1.6,1.9,1.6
Sam Merrill,SG,25,MEM,6,58,7.5,0.485,0.958,0.167,1.8,11.1,6.3,9,0,0,7.2,19.6,0,0,0,0.029,-2.2,-3.4,-5.6,-0.1
Chimezie Metu,C,24,SAC,60,1279,13.4,0.546,0.414,0.203,2.9,25.9,14.3,6.9,1.9,2.2,11.1,18.5,0.1,1.4,1.5,0.056,-1.6,0.1,-1.5,0.2
Khris Middleton,SF,30,MIL,66,2141,18.1,0.577,0.425,0.285,2.1,15.3,8.8,25.5,1.7,0.8,14.2,26.7,3.2,2.2,5.3,0.119,1.9,-0.3,1.6,1.9
C.J. Miles,SG,34,BOS,1,2,-7.8,0,0,0,0,0,0,0,0,0,0,0,0,0,0,0.03,-16.3,0,-16.3,0
Patty Mills,SG,33,BRK,81,2346,10.4,0.563,0.715,0.074,0.9,6.2,3.6,10.6,1.1,0.6,8.2,16.4,1.9,0.9,2.8,0.058,-0.3,-1.4,-1.7,0.2
Paul Millsap,C,36,TOT,33,376,10.8,0.458,0.304,0.209,12.3,20.7,16.6,10.4,1.3,3.1,13.1,16.7,0,0.5,0.5,0.061,-3.7,0.2,-3.5,-0.1
Shake Milton,SG,25,PHI,55,1179,11.9,0.517,0.33,0.181,2.9,10.4,6.7,17.6,1.2,1.3,9.2,18.3,0.7,1,1.7,0.069,-1.6,-0.6,-2.2,-0.1
Davion Mitchell,PG,23,SAC,75,2076,10.8,0.489,0.38,0.101,1.7,7,4.4,22.5,1.3,1,11.5,20.6,-0.5,0.6,0.1,0.003,-2.1,-1.7,-3.8,-0.9
Donovan Mitchell,SG,25,UTA,67,2266,21.6,0.572,0.475,0.227,2.7,10.6,6.8,27.7,2.2,0.5,11.7,32.9,4.7,2.5,7.2,0.152,4.6,-0.3,4.3,3.6
Evan Mobley,PF,20,CLE,69,2331,16.1,0.549,0.111,0.304,6.9,19.8,13.5,11.6,1.2,4.4,12.4,20.4,1.5,3.7,5.2,0.107,-0.9,1.5,0.6,1.5
Malik Monk,SG,23,LAL,76,2139,14.4,0.597,0.535,0.142,1.9,11,6.4,15.2,1.4,1.2,12.2,20.1,2.3,1.4,3.6,0.081,0.5,-1,-0.5,0.8
Greg Monroe,C,31,TOT,14,195,19.5,0.566,0,0.404,16.9,18.8,17.7,16.2,2,4.8,15.2,17.3,0.4,0.3,0.7,0.169,-0.3,0.7,0.4,0.1
Moses Moody,SG,19,GSW,52,607,10.5,0.573,0.601,0.197,3.2,11,7.2,5.3,0.6,1.6,6.1,15.2,0.6,0.7,1.3,0.101,-1.4,-1.1,-2.5,-0.1
Xavier Moon,SG,27,LAC,10,137,16.2,0.545,0.275,0.098,1.6,9,5.4,27,2.5,1.9,10.1,19,0.2,0.2,0.3,0.121,-1.1,1,-0.1,0.1
Matt Mooney,SG,24,NYK,1,2,-20,0,1,0,0,0,0,0,25,0,50,43.8,-0.1,0,0,-0.915,-33.9,11.5,-22.3,0
Ja Morant,PG,22,MEM,57,1889,24.4,0.575,0.218,0.353,4.2,14.1,9,34.1,1.7,1,12.6,33.7,4.6,2.1,6.7,0.171,6.2,-0.1,6.1,3.9
Juwan Morgan,PF,24,TOT,2,31,8.3,0.833,0.667,0,6.6,7.4,7,4.2,0,0,0,4.1,0.1,0,0.1,0.124,-3.3,-3.9,-7.1,0
Jaylen Morris,SG,26,SAS,3,16,-11.4,0.129,0.333,0.667,0,13.2,6.6,14,0,0,11.4,23.1,-0.1,0,-0.1,-0.376,-15.8,-5.7,-21.5,-0.1
Marcus Morris,PF,32,LAC,54,1564,13.7,0.549,0.398,0.214,1.8,14,8.1,11.3,0.9,1,8.4,23.2,0.9,1.5,2.4,0.074,-0.3,-1,-1.4,0.3
Markieff Morris,PF,32,MIA,17,298,10.9,0.547,0.342,0.079,6.6,10.5,8.6,12.1,1,0.4,14.5,20.6,0,0.3,0.3,0.054,-1.5,-0.4,-1.9,0
Monte Morris,PG,26,DEN,75,2239,14.7,0.583,0.406,0.109,1.4,9.6,5.6,21.4,1.2,0.6,8.8,17.4,3.9,1.5,5.4,0.116,0.8,-0.8,0,1.1
Emmanuel Mudiay,PG,25,SAC,2,11,12.3,0.399,0,2,0,0,0,43.4,4.4,0,21,18.6,0,0,0,0.023,-2.7,1.5,-1.2,0
Mychal Mulder,PG,27,TOT,17,239,3.7,0.438,0.701,0.052,0.9,9.8,5.3,3,0.8,0.8,9.2,15.8,-0.4,0.1,-0.2,-0.05,-5.9,-1.8,-7.7,-0.3
Ade Murkey,SG,24,SAC,1,1,0,0,0,0,0,0,0,0,0,0,0,0,0,0,0,-0.017,-7.4,-2.3,-9.7,0
Trey Murphy III,SF,21,NOP,62,864,12.5,0.558,0.671,0.184,5.9,13.1,9.4,6.2,1.3,0.8,5.1,15.7,1.3,0.6,1.9,0.104,0.2,-1.4,-1.2,0.2
Dejounte Murray,PG,25,SAS,68,2366,22.3,0.533,0.237,0.199,3.5,21.6,12.5,40.6,2.8,0.8,11.8,27.3,3.9,3.4,7.3,0.149,3.7,1.7,5.4,4.4
Mike Muscala,C,30,OKC,43,592,19.7,0.63,0.657,0.23,3.6,19.1,11.2,6.2,1.5,4.1,4.9,20.9,1.4,0.7,2.1,0.17,3.8,1.2,5,1.1
Svi Mykhailiuk,SF,24,TOR,56,716,9.6,0.509,0.573,0.158,2.9,11.5,7,8.8,1.8,0.5,11.3,16.9,0.1,0.7,0.8,0.052,-2.7,-0.2,-2.9,-0.2
Abdel Nader,SF,28,PHO,14,145,4.9,0.431,0.4,0.286,3,16.6,10,5.9,2.7,2.5,21.8,15,-0.3,0.3,0,-0.009,-7.1,2.2,-5,-0.1
Larry Nance Jr.,C-PF,29,TOT,46,1040,14.4,0.59,0.283,0.231,7.4,19.3,13.1,11.4,2,1.9,12,12.8,1.5,0.8,2.3,0.104,-0.4,0.3,-0.1,0.5
RJ Nembhard Jr.,SG,22,CLE,14,63,8,0.38,0.111,0.222,5.4,6.9,6.1,26.1,0.8,0,13.2,16,0,0,0,0.01,-4.4,-1.5,-5.9,-0.1
Aaron Nesmith,SF,22,BOS,52,574,7.3,0.507,0.632,0.143,2.9,13.6,8.4,5.4,1.7,0.8,13.8,17.2,-0.4,0.9,0.4,0.038,-4.9,0.7,-4.3,-0.3
Raul Neto,PG,29,WAS,70,1372,12.4,0.538,0.272,0.245,1.1,9.6,5.4,22.9,2,0.2,13.9,18.4,0.7,0.8,1.5,0.053,-2.5,-0.5,-2.9,-0.4
Malik Newman,PG,24,CLE,1,8,28.6,0.68,0.2,0.4,0,13.5,6.9,27.8,0,0,14.5,38.1,0,0,0,0.179,6.3,0.1,6.4,0
Georges Niang,PF,28,PHI,76,1736,10.7,0.594,0.687,0.105,1.6,11.3,6.5,8.7,0.9,0.7,9.1,16.8,1.5,1.3,2.8,0.077,-0.8,-1.1,-1.9,0
Daishen Nix,SG,19,HOU,24,261,8.1,0.48,0.388,0.448,2.9,11,6.9,21.5,2.7,0,24.5,17.3,-0.3,0.1,-0.2,-0.033,-5.4,-1,-6.4,-0.3
Zeke Nnaji,PF,21,DEN,41,698,13.5,0.629,0.43,0.349,9.3,14.1,11.8,3.4,1.1,1.7,9.7,14.9,1.2,0.6,1.8,0.123,-0.7,-1.6,-2.2,0
Nerlens Noel,C,27,NYK,25,562,11.8,0.581,0.05,0.5,9,18.1,13.5,5.7,2.7,5.4,21.5,7.3,0.4,1,1.5,0.128,-3.1,3.3,0.3,0.3
Jaylen Nowell,SG,22,MIN,62,975,16.8,0.581,0.387,0.223,2.4,11.4,6.8,20.2,1.3,1,7.4,21,2.1,0.7,2.8,0.138,1.5,-0.7,0.8,0.7
Frank Ntilikina,SG,23,DAL,58,685,10.4,0.513,0.498,0.112,1.9,10.9,6.4,14.7,2,0.9,11.7,17.4,0.1,0.9,0.9,0.065,-2.8,0.9,-1.9,0
Jusuf Nurkić,C,27,POR,56,1579,20,0.586,0.093,0.447,11.2,32.6,21.5,16.6,1.9,2.1,16.6,23.6,2,1.7,3.6,0.11,0.1,0.2,0.3,0.9
David Nwaba,SF,29,HOU,46,609,15.3,0.567,0.278,0.381,7.4,20,13.6,8.5,2.2,2.9,9.3,15.8,0.8,0.5,1.3,0.105,-0.6,0,-0.6,0.2
Jordan Nwora,SF,23,MIL,62,1185,9.9,0.506,0.491,0.093,3.4,16.1,9.9,7,1,1.4,10.6,19.4,-0.4,1.1,0.6,0.025,-2.7,-1.5,-4.1,-0.6
Royce O'Neale,SF,28,UTA,77,2406,10.3,0.608,0.689,0.126,3,13.4,8.4,10.5,1.8,1.2,14.4,9.9,2.7,2.8,5.5,0.109,-0.8,1.7,0.8,1.7
Semi Ojeleye,PF,27,TOT,30,406,6.7,0.438,0.505,0.293,7.2,12,9.7,2.9,0.8,1.4,7.5,12.8,-0.1,0.3,0.2,0.029,-4.1,-1.6,-5.7,-0.4
Chuma Okeke,PF,23,ORL,70,1749,12,0.501,0.645,0.113,2.8,18.2,10.5,10.1,2.7,2.2,8.6,16.4,-0.3,2.5,2.2,0.06,-1.6,1.5,-0.1,0.8
Josh Okogie,SG,23,MIN,49,516,9,0.526,0.452,0.49,5.9,8.7,7.3,6.2,2.4,2.2,15.4,12.1,0.1,0.5,0.7,0.062,-3.7,0.9,-2.7,-0.1
Onyeka Okongwu,C,21,ATL,48,992,19.8,0.714,0,0.487,12.8,18.4,15.6,7.6,1.5,5.4,13.8,14,3.1,1.1,4.2,0.202,0,0.8,0.8,0.7
Isaac Okoro,SF,21,CLE,67,1981,10.4,0.589,0.364,0.36,4.1,7.1,5.6,8.5,1.4,1,10.4,12.4,2.4,1.9,4.2,0.103,-2.4,0.7,-1.7,0.1
KZ Okpala,PF,22,MIA,21,244,10.4,0.521,0.377,0.159,5.2,13.7,9.5,8.3,0.8,3,6.3,14.4,0.2,0.3,0.5,0.097,-3.2,0.4,-2.8,-0.1
Victor Oladipo,SG,29,MIA,8,173,16.8,0.608,0.493,0.26,2,12.9,7.5,26.3,1.4,0.6,16.4,25.1,0.2,0.2,0.4,0.124,1.8,-0.5,1.3,0.1
Cameron Oliver,SF,25,ATL,2,43,21.4,0.705,0.2,0.2,5.1,10.1,7.6,11.1,1.1,2.1,0,16.6,0.2,0,0.2,0.219,2.3,-0.5,1.7,0
Kelly Olynyk,C,30,DET,40,764,16.7,0.561,0.416,0.311,7.3,18.3,12.5,23.3,2,2.2,15.1,21.5,0.8,0.8,1.6,0.104,0.5,1,1.6,0.7
Eugene Omoruyi,SF,24,DAL,4,18,17,0.518,0.4,0.8,12.3,30.9,21.6,15.8,0,0,0,16.9,0.1,0,0.1,0.201,3.3,0.7,4,0
Miye Oni,SG,24,UTA,16,44,0.4,0.265,0.889,0.111,2.6,14.4,8.7,14.2,0,0,9.6,10.3,-0.1,0,0,-0.032,-7.6,-0.3,-7.9,-0.1
Cedi Osman,SF,26,CLE,66,1462,13.3,0.563,0.628,0.229,1.9,9,5.5,14.1,1.8,0.6,9.6,21.1,1.3,1.6,2.9,0.094,-0.3,0.5,0.2,0.8
Daniel Oturu,C,22,TOR,3,27,13.4,0.549,0.167,0.833,3.8,17,10,0,0,7.2,0,13,0,0,0.1,0.121,-2.7,-2.5,-5.2,0
Kelly Oubre Jr.,SF,26,CHO,76,1999,14.9,0.56,0.593,0.203,4.1,12,8,6.2,1.8,1.5,6.2,23,1.8,1.4,3.3,0.079,0.2,-1.6,-1.4,0.3
Jaysean Paige,PG,27,DET,1,7,-22.2,0,0.667,0,0,16.3,7.7,18.1,0,0,25,24.5,-0.1,0,-0.1,-0.574,-25,-6.5,-31.5,0
Trayvon Palmer,SG,27,DET,1,17,-5.7,0,0,0,0,13.4,6.4,0,0,0,50,5,-0.1,0,0,-0.133,-13.1,-1.8,-15,-0.1
Kevin Pangos,PG,29,CLE,24,166,6.5,0.408,0.565,0.087,1.4,5.9,3.7,24.6,0.9,0,12.8,14.6,-0.1,0.1,0.1,0.016,-4.7,-1.4,-6.1,-0.2
Jabari Parker,PF,26,BOS,12,112,14.8,0.632,0.421,0.237,5,21.7,13.5,7.9,1.8,0.8,16,19.6,0.1,0.2,0.3,0.141,-0.4,1.1,0.7,0.1
Eric Paschall,PF,25,UTA,58,736,13.9,0.612,0.46,0.366,4.6,10.9,7.9,7.1,0.6,0.6,9,17.7,1.4,0.5,2,0.128,0.5,-1,-0.5,0.3
Chris Paul,PG,36,PHO,65,2139,20.8,0.581,0.27,0.274,1.1,12.8,7.1,44.5,2.7,0.8,15.6,19.7,5.8,3.6,9.4,0.21,3.1,2.3,5.4,4
Cameron Payne,PG,27,PHO,58,1278,13.8,0.5,0.359,0.152,2.1,12.3,7.3,30.7,1.5,1.2,14.1,24.6,0.2,1.8,1.9,0.073,-0.4,0.4,0,0.7
Elfrid Payton,PG,27,PHO,50,549,7.9,0.397,0.103,0.183,4.2,12.8,8.6,23,2.2,1,19.9,18.5,-1,0.8,-0.2,-0.014,-4.6,1.2,-3.5,-0.2
Gary Payton II,SG,29,GSW,71,1247,17.8,0.679,0.349,0.169,6.5,14.9,10.8,7.6,3.8,1.7,9.8,14.3,2.5,2.6,5.2,0.199,0.3,3.4,3.7,1.8
Norvel Pelle,C,28,UTA,3,19,12.2,0.6,0,0,17.9,16.7,17.3,0,0,4.6,28.6,16,0,0,0,0.038,-3,-4.1,-7.1,0
Reggie Perry,PF,21,TOT,10,187,15.6,0.537,0.203,0.19,8.5,19.5,13.8,11.1,2.4,3.2,11.4,22.4,0.1,0.2,0.2,0.058,-3.1,-1,-4.1,-0.1
Jamorko Pickett,PF,24,DET,13,176,7.6,0.491,0.78,0.04,3.5,16.8,9.8,5.8,0,3.6,8.9,13.6,0,0.1,0.1,0.015,-2.8,-2.1,-5,-0.1
Theo Pinson,SF,26,DAL,19,148,11.9,0.553,0.769,0.256,1.5,14.3,7.9,15.9,1.7,1.2,10.3,14.7,0.2,0.2,0.4,0.122,-1.5,1,-0.5,0.1
Mason Plumlee,C,31,CHO,73,1793,14.7,0.603,0.006,0.534,10.2,23.3,16.7,16.4,1.6,2.7,20.2,11.7,2.7,2,4.7,0.127,-1.5,1.5,0,0.9
Jakob Poeltl,C,26,SAS,68,1970,20.8,0.613,0.002,0.287,13.9,20,16.9,14,1.1,5,12.7,18.3,4.4,2.5,6.9,0.168,0.9,0.7,1.6,1.7
Aleksej Pokusevski,PF,20,OKC,61,1233,12,0.485,0.432,0.11,6,20.8,13.3,16.5,1.5,2.9,16.4,20,-1.1,1.5,0.4,0.014,-2.7,0.1,-2.6,-0.2
Yves Pons,SF,22,MEM,12,71,5.9,0.385,0.563,0.125,7.2,10.6,8.8,1.7,0.7,5,5.6,10.3,0,0.1,0,0.03,-4.9,-1.7,-6.6,-0.1
Jordan Poole,SG,22,GSW,76,2283,16.1,0.598,0.548,0.251,1.7,10.5,6.2,21,1.3,1,13.7,26,3.1,2.9,6,0.126,1.3,-0.3,1,1.7
Kevin Porter Jr.,PG,21,HOU,61,1907,13.5,0.531,0.511,0.239,2.5,13,7.7,30.7,1.7,1,17.7,24.1,0,0.8,0.8,0.021,-0.1,-1.6,-1.6,0.2
Michael Porter Jr.,SF,23,DEN,9,265,7.5,0.416,0.466,0.087,3.9,20.4,12.4,8.9,1.9,0.7,10.1,19.7,-0.5,0.3,-0.2,-0.032,-3.9,0.5,-3.5,-0.1
Otto Porter Jr.,PF,28,GSW,63,1396,15.9,0.581,0.519,0.147,6.9,21,14.2,9.6,2.4,2,7.7,15,2.2,2.7,4.9,0.168,1,2.1,3.1,1.8
Bobby Portis,C,26,MIL,72,2028,17.7,0.571,0.388,0.13,9.6,24.4,17.2,6.4,1.3,2.4,8.9,21.3,2.9,2.6,5.5,0.131,1.2,-1,0.2,1.1
Kristaps Porziņģis,PF,26,TOT,51,1481,23.7,0.577,0.329,0.373,7.7,23.1,15.4,13.7,1.3,5,8.3,29.5,3.2,2.4,5.6,0.18,3.3,0.6,3.9,2.2
Micah Potter,C,23,DET,3,31,13.6,0.505,0.182,0.182,13.3,18.4,15.7,0,1.6,2.9,7.8,17.8,0,0,0,0.073,-4,-3,-7.1,0
Dwight Powell,C,30,DAL,82,1798,18.1,0.725,0.092,0.529,10.7,14.3,12.5,8.1,1,2,11.5,14,6,2.2,8.2,0.219,0.4,0.5,0.9,1.3
Myles Powell,PG,24,PHI,11,52,0.2,0.364,0.353,0.118,2.2,10.6,6.4,8,1,0,14.4,18,-0.2,0,-0.1,-0.109,-10.5,-2.2,-12.7,-0.1
Norman Powell,SF-SG,28,TOT,45,1458,16.3,0.603,0.418,0.385,1.5,9.7,5.4,10.8,1.4,1.4,8.9,23.1,2.4,0.4,2.8,0.093,1.2,-1.5,-0.3,0.6
Joshua Primo,SF,19,SAS,50,965,7.1,0.487,0.507,0.219,3.5,8.9,6.1,10.6,1,2,16.1,15.4,-0.6,0.6,0,0.001,-3.8,-1.1,-5,-0.7
Taurean Prince,PF,27,MIN,69,1177,12.4,0.589,0.587,0.21,2.3,13.8,7.9,8.1,1.9,1.9,11.1,17,1,1.2,2.2,0.09,-1,0,-0.9,0.3
Payton Pritchard,PG,24,BOS,71,1001,15,0.578,0.657,0.056,3.5,10.8,7.2,20.4,1.2,0.5,9.7,18.6,1.8,1.2,3.1,0.148,1.7,0.1,1.8,1
Trevelin Queen,SG,24,HOU,10,74,18.2,0.619,0.727,0.121,10.3,13.4,11.9,8.8,3.2,1.2,16.8,23.9,0.1,0.1,0.1,0.08,2.7,-0.8,1.9,0.1
Neemias Queta,C,22,SAC,14,120,12.7,0.495,0,0.447,12.6,15.6,14.1,7.2,0.4,5.8,11.7,18.4,0,0.1,0.1,0.051,-4.1,-1,-5.1,-0.1
Immanuel Quickley,PG,22,NYK,78,1802,14.6,0.543,0.547,0.278,1.8,13.1,7.4,24.5,1.5,0.2,10.9,22.2,2.5,1.8,4.2,0.113,0.2,0,0.2,1
Jahmi'us Ramsey,SG,20,SAC,19,134,7.9,0.468,0.31,0.241,3.2,7.4,5.3,7.9,0.4,0.6,7.2,22.2,-0.1,0,-0.1,-0.047,-3.5,-3.4,-6.9,-0.2
Julius Randle,PF,27,NYK,72,2544,15.7,0.509,0.313,0.322,5.2,25.5,15.1,25.1,1,1.5,14.7,28.7,-0.3,3.4,3.1,0.059,0.4,0.2,0.5,1.6
Austin Reaves,SG,23,LAL,61,1418,11.5,0.6,0.525,0.371,3.4,11.2,7.3,10.3,1,1.3,9.8,12.4,2.1,0.8,2.9,0.097,-1.3,-0.6,-1.9,0
Cam Reddish,SF,22,TOT,49,1012,12.8,0.543,0.451,0.275,2.7,8.6,5.7,7,2.3,1.4,11.1,22.2,0.2,0.8,1,0.046,-1,-0.3,-1.3,0.2
Davon Reed,SG,26,DEN,48,668,12.2,0.624,0.534,0.093,2.4,15.2,9,10.7,1.8,1.2,8.7,12.1,0.9,0.7,1.6,0.117,-0.6,0.3,-0.3,0.3
Paul Reed,C,22,PHI,38,302,21.4,0.568,0.083,0.146,16.6,17.4,17,8.3,5.5,4.2,8.9,16.7,0.6,0.7,1.3,0.212,-0.8,2.9,2.1,0.3
Naz Reid,C,22,MIN,77,1215,17.2,0.588,0.349,0.313,8.8,18,13.3,8.7,1.6,5.6,13.2,21.4,1.5,1.6,3.2,0.125,-0.5,0.5,0,0.6
Nick Richards,C,24,CHO,50,367,15.9,0.689,0,0.478,9.7,15.2,12.4,4.9,1.2,5.4,18.1,15.4,0.6,0.3,1,0.125,-2.6,-0.2,-2.8,-0.1
Josh Richardson,SG,28,TOT,65,1600,12.8,0.573,0.461,0.202,2.8,9.4,6.2,10.1,1.7,1.6,10.2,17.6,1.6,2,3.5,0.106,-0.6,0.7,0.1,0.9
Austin Rivers,SG,29,DEN,67,1480,7.2,0.546,0.66,0.126,1.5,6.9,4.3,8,1.7,0.4,12.8,12.6,0.1,1.1,1.2,0.037,-3.5,-0.3,-3.8,-0.7
Duncan Robinson,SG,27,MIA,79,2043,10.6,0.573,0.86,0.084,1.4,9.8,5.6,9.3,1,0.7,7.4,17.7,1.9,2,3.9,0.092,-0.3,-0.3,-0.6,0.7
Justin Robinson,PG,24,TOT,25,304,3.6,0.404,0.656,0.086,1.4,6,3.7,14,1.4,0.3,15,16,-0.5,0.2,-0.3,-0.055,-6.4,-1.3,-7.6,-0.4
Mitchell Robinson,C,23,NYK,72,1848,20.7,0.722,0,0.528,16.8,19.1,17.9,3.2,1.6,7.1,12.4,11.4,5.3,3.2,8.5,0.221,1,1.2,2.2,2
Jeremiah Robinson-Earl,C,21,OKC,49,1087,11.7,0.526,0.509,0.167,7,19.1,13,6.7,1.3,1.3,10.1,15.4,0.4,1,1.5,0.065,-1.9,-0.4,-2.2,-0.1
Isaiah Roby,PF,23,OKC,45,948,18.3,0.607,0.307,0.359,8,15.6,11.8,12.1,1.8,3.3,10.3,19,1.8,1.1,2.9,0.147,0.4,0.2,0.6,0.6
Rajon Rondo,PG,35,TOT,39,697,10.9,0.496,0.5,0.148,2.4,14.4,8.5,33.1,2.1,0.8,26.6,16,-0.1,0.8,0.7,0.048,-2.4,0.7,-1.7,0.1
Derrick Rose,PG,33,NYK,26,636,16.9,0.541,0.336,0.113,3.5,9.8,6.6,27.5,1.7,1.9,11.9,22.5,0.8,0.7,1.4,0.108,2.3,0,2.3,0.7
Terrence Ross,SG,30,ORL,63,1448,10,0.515,0.477,0.235,1.5,10.3,5.9,12.5,0.9,0.8,10.9,20.5,-0.5,0.9,0.3,0.011,-2.5,-1.1,-3.7,-0.6
Terry Rozier,SG,27,CHO,73,2458,17.6,0.566,0.508,0.151,2.4,11.3,6.8,19.7,1.8,1,7.2,23.2,4.3,1.6,5.9,0.115,2.4,-0.7,1.7,2.3
Ricky Rubio,PG,31,CLE,34,970,14,0.488,0.423,0.251,1.7,14.1,8,34.6,2.5,0.6,16.5,24.9,-0.1,1.4,1.3,0.064,-1,1.2,0.2,0.5
D'Angelo Russell,PG,25,MIN,65,2077,16.3,0.544,0.531,0.246,1.3,10.1,5.6,33.1,1.4,1,13.2,25.1,2.9,1.5,4.4,0.101,2.2,-1.5,0.8,1.4
Matt Ryan,SF,24,BOS,1,5,3.5,0.3,1,0,0,0,0,0,9.9,0,0,44,0,0,0,-0.25,-9.9,-3.8,-13.7,0
Domantas Sabonis,PF-C,25,TOT,62,2136,21.9,0.637,0.162,0.429,10.3,29,19.5,23.6,1.3,1.1,17.5,22.3,5.3,1.8,7.1,0.159,3.2,0.9,4.1,3.2
Olivier Sarr,C,22,OKC,22,421,14,0.672,0.287,0.287,8.2,14.6,11.4,6.9,0.7,3.3,16.2,13.9,0.7,0.3,1,0.116,-2.7,-1.3,-4,-0.2
Tomáš Satoranský,SG-PG-SF,30,TOT,55,906,10.2,0.461,0.277,0.283,3.3,12.1,7.7,27,1.6,0.5,17.6,12.6,0.5,0.6,1,0.056,-3.3,-0.3,-3.7,-0.4
Jordan Schakel,SG,23,WAS,4,30,-1.2,0.21,0.545,0.182,7.5,21.8,14.8,0,1.6,0,7.8,19.1,-0.2,0,-0.1,-0.204,-8.6,-4.3,-13,-0.1
Admiral Schofield,SF,24,ORL,38,469,7.5,0.538,0.612,0.116,3.8,16.3,10,7.9,0.4,1,13.4,14.5,-0.1,0.3,0.3,0.027,-4.2,-1.2,-5.4,-0.4
Dennis Schröder,SG-PG,28,TOT,64,1837,13,0.539,0.345,0.254,2,10.5,6.3,24.2,1.4,0.4,15.1,22.6,1,1.9,2.9,0.076,-1.5,-0.4,-1.9,0
Tre Scott,SF,25,CLE,2,11,20.4,0.5,0.167,0,10.3,9.8,10.1,0,4.5,8.1,0,24.1,0,0,0,0.138,-4.8,1.8,-3,0
Jay Scrubb,SG,21,LAC,18,121,9.3,0.486,0.457,0.217,1.8,11.9,7,9.7,1.6,2.1,12.2,20.8,-0.1,0.1,0,0.002,-4.4,-0.4,-4.8,-0.1
Wayne Selden,SG,27,NYK,3,19,4.3,0.434,0.5,1,0,5.8,2.8,7.2,0,0,0,13.3,0,0,0,0.016,-4.3,-1.6,-5.9,0
Alperen Şengün,C,19,HOU,72,1489,16,0.552,0.223,0.442,10.1,18.9,14.5,19.1,1.9,4.1,18.8,22,0.8,1.3,2.1,0.068,-1.6,0.6,-1,0.4
Collin Sexton,SG,23,CLE,11,316,11.2,0.523,0.298,0.258,4.6,7.9,6.3,11.9,1.6,0,15.6,27.9,-0.4,0.3,-0.1,-0.009,-3.5,-0.7,-4.1,-0.2
Landry Shamet,SG,24,PHO,69,1437,10.2,0.55,0.689,0.167,1.2,8,4.7,9.7,0.9,0.6,7.3,16.8,1.1,1.5,2.6,0.085,-0.9,-0.4,-1.2,0.3
Day'Ron Sharpe,PF,20,BRK,32,391,20.7,0.593,0.047,0.275,23.2,21.4,22.3,6.7,1.2,3.4,15.2,21.7,0.8,0.5,1.2,0.152,-0.3,-2.5,-2.8,-0.1
Pascal Siakam,PF,27,TOR,68,2578,20.3,0.565,0.181,0.314,5.1,20.1,12.2,23,1.6,1.6,11.6,25.8,4.9,3.2,8.1,0.151,2.7,0.8,3.5,3.6
Chris Silva,PF,25,TOT,10,91,11.6,0.641,0,0.8,16.5,28.2,22.4,10.6,0,1.2,28.3,13.8,0.1,0.1,0.3,0.137,-5,0.1,-4.9,-0.1
Marko Simonovic,C,22,CHI,9,35,10.2,0.428,0.333,0.733,16.2,16,16.1,0,1.4,2.5,9.2,27.5,0,0,0,-0.011,-6.1,-5,-11.1,-0.1
Anfernee Simons,SG,22,POR,57,1681,15.3,0.583,0.555,0.146,1.6,8.5,4.9,22.2,0.9,0.4,11.9,24.8,2,-0.1,1.9,0.055,1.9,-2.7,-0.7,0.5
Zavier Simpson,PG,24,OKC,4,174,7.7,0.406,0.154,0.096,1.2,11.4,6.2,25.2,1.4,2.1,15.6,15.9,-0.2,0.1,-0.1,-0.018,-6,-1.9,-7.9,-0.3
Jericho Sims,PF,23,NYK,41,555,11.6,0.674,0,0.537,11.6,21.3,16.4,5.3,1,3.9,23.1,6.9,0.7,0.8,1.5,0.128,-2.8,1.1,-1.7,0
Deividas Sirvydis,SG,21,DET,3,27,0.1,0.15,0.7,0,0,25.3,12,4.9,5.4,3.3,0,15.9,-0.1,0.1,-0.1,-0.139,-10.8,2.2,-8.7,0
Javonte Smart,PG,22,TOT,17,200,5.1,0.407,0.45,0.1,2.7,10,6.5,10.4,1.5,1.5,14.9,15.9,-0.3,0.2,-0.2,-0.038,-5.9,-0.8,-6.6,-0.2
Marcus Smart,PG,27,BOS,71,2296,13.6,0.54,0.501,0.249,2,10.5,6.4,25.6,2.6,0.7,16.6,18.3,1.9,3.7,5.6,0.116,-1.2,1.7,0.5,1.5
Dennis Smith Jr.,PG,24,POR,37,638,13.2,0.474,0.143,0.339,3.3,12.2,7.6,30.5,3.4,1.9,19,18.2,-0.1,0.5,0.4,0.031,-2.8,1.2,-1.7,0.1
Ish Smith,PG,33,TOT,65,1126,12.5,0.465,0.156,0.056,2.4,11.1,6.8,31.5,2,1.8,15,20.1,-0.3,0.9,0.5,0.023,-2.2,-0.6,-2.9,-0.2
Jalen Smith,PF,21,TOT,51,925,18.4,0.595,0.349,0.291,12,24.5,18.2,3.9,0.8,3.9,9.6,20.3,1.7,1.1,2.8,0.145,0.9,-1.4,-0.5,0.3
Xavier Sneed,SF,24,TOT,9,39,0.4,0.25,0.8,0,5.5,10.9,8.3,3.3,0,0,0,11,-0.1,0,0,-0.056,-6.9,-3.7,-10.6,-0.1
Tony Snell,SG,30,TOT,53,823,6.3,0.541,0.749,0.023,2.1,12,6.9,4.7,1,1.1,9.9,10.1,0.2,0.2,0.4,0.023,-3.4,-0.8,-4.2,-0.5
Jaden Springer,SG,19,PHI,2,6,26.4,1,0,0,18.9,18.3,18.6,0,0,30,50,15,0,0,0,0.138,8.3,8.7,17.1,0
Cassius Stanley,SG,22,DET,9,155,8,0.516,0.37,0.217,3.3,10.3,6.6,3.9,1.6,1.2,10.6,15.6,0,0.1,0.1,0.021,-4.9,-1,-5.8,-0.2
Nik Stauskas,SG,28,TOT,8,39,10.5,0.541,0.714,0.429,3,5.7,4.4,7.3,0,0,5.7,20,0,0,0.1,0.078,-0.9,-2.7,-3.6,0
Lance Stephenson,PG-SG,31,TOT,46,814,13.6,0.536,0.279,0.248,1.6,16,8.7,30.2,1.4,0.4,16.7,22.6,0.4,0.4,0.8,0.048,-1.6,-1.6,-3.2,-0.2
Lamar Stevens,PF,24,CLE,63,1015,11.3,0.544,0.204,0.235,5.2,12.5,8.9,6.5,1.5,1.6,10.4,17.1,0.4,1.2,1.6,0.078,-3.2,0.3,-2.9,-0.2
Isaiah Stewart,C,20,DET,71,1816,14,0.55,0.094,0.21,12.8,24.5,18.4,6.9,0.6,3.9,13.7,14.6,1.6,1.8,3.4,0.091,-2.5,-0.8,-3.3,-0.6
Max Strus,SF,25,MIA,68,1587,12.7,0.614,0.784,0.094,1.7,12.5,7.2,8.8,0.9,1.1,8.8,18.1,2,1.7,3.6,0.11,1.4,-0.4,0.9,1.2
Jalen Suggs,PG,20,ORL,48,1307,8.6,0.455,0.358,0.297,2.1,11.7,6.9,24.9,2.2,1.3,18.7,25.3,-3,1.3,-1.6,-0.06,-5.3,-0.2,-5.6,-1.2
Craig Sword,SG,28,WAS,3,19,14.2,0.75,0.25,0,0,0,0,7.7,10.4,0,20,11.7,0,0,0.1,0.158,-8.6,10,1.4,0
Keifer Sykes,PG,28,IND,32,566,5.9,0.456,0.474,0.089,1.5,7.4,4.4,14.9,1,0.6,14.3,17.4,-0.5,0.1,-0.5,-0.04,-4.4,-2.5,-6.9,-0.7
Jae'Sean Tate,PF,26,HOU,78,2056,14.3,0.567,0.277,0.252,7.2,15.3,11.2,16.9,1.7,1.8,14.6,19.6,1.9,1.1,3,0.071,-1.3,-0.5,-1.8,0.1
Jayson Tatum,SF,23,BOS,76,2731,21.8,0.578,0.416,0.3,3.5,20.2,12.1,21.1,1.4,1.6,10.9,32.1,5,4.6,9.6,0.169,4.3,0.6,4.9,4.8
Terry Taylor,SG,22,IND,33,714,19,0.656,0.173,0.232,14.6,12.2,13.4,8.6,1,1,8.7,15.9,2.2,0.2,2.4,0.16,2.2,-2.7,-0.6,0.3
Garrett Temple,SG,35,NOP,59,1098,8.6,0.494,0.627,0.139,2.9,11.8,7.2,9.2,1.9,2,11.8,13.9,-0.1,1,0.8,0.037,-2.8,0.3,-2.5,-0.1
Emanuel Terry,PF,25,PHO,3,18,-0.1,0,0,0,48.9,40.6,44.7,12.2,2.7,0,50,23.9,-0.1,0,-0.1,-0.256,-13,-5.3,-18.3,-0.1
Tyrell Terry,PG,21,MEM,2,3,20,1,0,0,0,0,0,0,0,0,0,13.7,0,0,0,0.222,-3.4,2.5,-1,0
Jon Teske,C,24,MEM,3,8,1.5,0,0,2,0,26.8,13.1,13.8,6,0,0,9.6,0,0,0,-0.08,-8.5,3.7,-4.8,0
Daniel Theis,C,29,TOT,47,977,13.2,0.595,0.368,0.247,6.6,18.8,12.7,6.3,1,2.9,12.5,16.2,0.9,1,1.9,0.093,-1.9,-0.2,-2.1,0
Brodric Thomas,SG,25,BOS,12,60,10,0.52,0.5,0.278,3.7,14.1,9,26,0.8,1.5,22.9,19.2,0,0.1,0.1,0.052,-3.6,0.8,-2.8,0
Cam Thomas,SG,20,BRK,67,1176,11.7,0.519,0.346,0.209,1.5,13.1,7.5,9.7,1.4,0.6,9.1,22.1,0,0.8,0.8,0.033,-2,-1.4,-3.4,-0.4
Isaiah Thomas,PG,32,TOT,22,333,12,0.516,0.497,0.156,1.3,8.1,4.6,15.7,1,1.4,7.8,24.8,0,0.1,0.2,0.026,-1.9,-2.6,-4.5,-0.2
Matt Thomas,SG,27,CHI,40,459,9.9,0.564,0.679,0.149,0.7,11.5,6.1,5.8,0.9,0.6,5.3,14.5,0.3,0.2,0.6,0.058,-1.2,-1.4,-2.6,-0.1
Klay Thompson,SG,31,GSW,32,941,16.7,0.547,0.517,0.089,1.8,12.4,7.3,16.1,0.8,1.7,6.7,29.6,0.6,1.2,1.8,0.091,2.6,-1.6,1.1,0.7
Tristan Thompson,PF,30,TOT,57,897,14.9,0.541,0.011,0.434,14.7,20.8,17.7,5.5,1.2,2,12.4,17.5,0.9,0.8,1.6,0.087,-1.6,-1.5,-3.1,-0.3
JT Thor,PF,19,CHO,33,262,9.7,0.525,0.491,0.364,4.4,13.1,8.7,9.2,1.5,4,13.6,12,0.1,0.2,0.3,0.058,-3.1,0.1,-3,-0.1
Matisse Thybulle,SG,24,PHI,66,1685,11.2,0.594,0.48,0.143,2.8,7.1,5,6.1,3.4,3.8,10.9,9.5,1.2,2.5,3.7,0.107,-2.2,3.3,1.1,1.3
Killian Tillie,C,23,MEM,36,461,7.6,0.452,0.677,0.063,4.7,9.1,6.8,5.9,2.4,2.9,9.1,12.8,-0.1,0.6,0.6,0.058,-3.8,1.1,-2.7,-0.1
Xavier Tillman Sr.,PF,23,MEM,53,701,15.1,0.51,0.227,0.329,9.6,14.5,12,11.6,3.3,1.9,12.1,16.4,0.6,1.2,1.8,0.121,-1.1,1.8,0.7,0.5
Isaiah Todd,PF,20,WAS,12,74,4.7,0.349,0.615,0.231,4.6,13.3,9,7.3,2.7,2.3,12.3,19.6,-0.2,0.1,-0.2,-0.104,-5.7,-1.2,-6.9,-0.1
Obi Toppin,PF,23,NYK,72,1230,18.3,0.614,0.357,0.262,5.9,17.7,11.7,10.9,1,2.6,9.6,20.8,2.5,1.5,3.9,0.153,1.7,0.3,2,1.2
Juan Toscano-Anderson,SF,28,GSW,73,994,11,0.561,0.37,0.298,3.2,15.8,9.7,17.6,2.4,1.6,20.4,14.7,0.3,1.8,2,0.098,-3.3,2.4,-0.8,0.3
Karl-Anthony Towns,C,26,MIN,74,2476,24.1,0.64,0.301,0.385,8.2,23.6,15.7,18,1.4,3.2,13.7,27.8,7.1,3.2,10.3,0.199,4.5,0.5,5,4.4
Gary Trent Jr.,SG,23,TOR,70,2448,14.7,0.546,0.502,0.188,1.1,7.7,4.2,8.8,2.5,0.8,5.8,21.8,3.1,2.5,5.6,0.11,-0.1,0.3,0.2,1.3
P.J. Tucker,PF,36,MIA,71,1981,11.3,0.593,0.451,0.143,5.8,16.2,11.1,10.6,1.5,0.8,12.7,11.7,2.4,2.6,5,0.121,-0.8,1.4,0.6,1.3
Rayjon Tucker,SG,24,TOT,5,71,17.7,0.869,0.556,0.778,4.7,7.5,6.1,18.1,2.7,0,7.6,7.9,0.3,0.1,0.4,0.243,2.3,1.2,3.5,0.1
Myles Turner,C,25,IND,42,1235,17.4,0.615,0.466,0.267,5.8,21.3,13.4,5.1,1.1,8.3,10.9,17.1,1.7,1.4,3.1,0.12,0.1,1.4,1.4,1.1
Jonas Valančiūnas,C,29,NOP,74,2240,21.2,0.617,0.168,0.308,10.9,31.2,20.8,14,0.9,2.6,14.4,23.8,4.6,2.7,7.3,0.156,2,-0.1,1.9,2.2
Denzel Valentine,SG,28,TOT,24,222,8.1,0.523,0.712,0,4.6,16.1,10.4,7,1.8,0,15.4,15.5,-0.1,0.3,0.2,0.039,-3.1,0.4,-2.7,0
Jarred Vanderbilt,PF,22,MIN,74,1880,15.3,0.612,0.039,0.363,12,23.9,17.8,6.7,2.5,2.4,14.8,10.9,3.1,2.9,6,0.153,-0.8,1,0.2,1.1
Fred VanVleet,PG,27,TOR,65,2462,17.3,0.552,0.585,0.202,1.8,11.4,6.4,26.7,2.3,1.4,12.5,23.7,3.9,2.8,6.7,0.131,3.1,0.5,3.6,3.5
Devin Vassell,SF,21,SAS,71,1937,13.3,0.54,0.497,0.13,2.4,14.3,8.3,9.7,1.9,1.8,6.7,18.9,1.3,2,3.3,0.082,-0.5,0,-0.5,0.7
Gabe Vincent,PG,25,MIA,68,1589,10.6,0.551,0.63,0.105,1.6,7.3,4.5,19.4,2,0.8,15.4,17.8,0.7,1.9,2.5,0.076,-1.9,0.5,-1.4,0.2
Nikola Vučević,C,31,CHI,73,2418,18.2,0.533,0.287,0.105,6.6,30.7,18.7,15.2,1.4,2.5,10.1,24.5,1.4,3.2,4.5,0.09,0.8,0.1,0.9,1.8
Dean Wade,PF,25,CLE,51,980,10.1,0.584,0.654,0.138,3.6,13.1,8.5,7.3,1.5,0.6,6.5,11.1,1.1,1.1,2.3,0.111,-1.9,1.3,-0.6,0.4
Franz Wagner,SF,20,ORL,79,2429,14.7,0.559,0.278,0.225,3.6,11.9,7.7,15.7,1.4,1.3,10,21.2,2.1,1.9,4,0.079,-0.4,-0.3,-0.7,0.8
Moritz Wagner,C,24,ORL,63,960,18.1,0.623,0.508,0.326,4.6,21,12.8,15.4,1,1.2,11,22.9,1.8,1,2.8,0.138,1.5,0.1,1.6,0.9
Ish Wainright,PF,27,PHO,45,359,9.4,0.494,0.567,0.115,8.3,7.9,8.1,5.3,2.7,1.5,10.6,14.7,0,0.6,0.6,0.079,-3,1,-2,0
Kemba Walker,PG,31,NYK,37,948,13.9,0.537,0.538,0.192,1.6,11.2,6.3,22.2,1.4,0.7,10.7,20.8,1,0.9,1.8,0.093,0.7,-0.2,0.4,0.6
Lonnie Walker IV,SG,23,SAS,70,1612,12.3,0.512,0.462,0.194,1.2,10.7,5.9,13.4,1.3,1,7.9,23.6,0.1,1.1,1.2,0.037,-1.2,-1.3,-2.5,-0.2
M.J. Walker,SG,23,PHO,2,8,-3.3,0,0.5,0,0,13.1,6.7,13.8,12,0,0,21.5,-0.1,0,0,-0.276,-15.8,6.2,-9.6,0
Tyrone Wallace,SG,27,NOP,6,75,2.5,0.383,0.4,0.25,0,12.1,5.9,1.8,2,1.3,8.3,13.9,-0.2,0.1,-0.1,-0.057,-7.7,-0.6,-8.2,-0.1
Derrick Walton,PG,26,DET,3,108,5.9,0.342,0.5,0.154,1.9,8.4,5,26.4,3.2,3.3,28.4,15.4,-0.3,0.1,-0.2,-0.071,-5.3,1,-4.3,-0.1
Brad Wanamaker,PG,32,TOT,23,320,7.5,0.472,0.221,0.325,2.1,11.6,6.8,22.4,1.1,1.6,20.7,14.9,-0.1,0.1,0,0.004,-5.3,-0.5,-5.8,-0.3
Duane Washington Jr.,PG,21,IND,48,968,10.2,0.521,0.504,0.143,0.5,9.3,4.8,13,1.3,0.3,11.2,22.6,-0.2,0.2,0,-0.002,-1.9,-2.8,-4.8,-0.7
P.J. Washington,C,23,CHO,65,1768,13.6,0.588,0.566,0.152,4.8,15.5,10.1,11.2,1.5,3.3,12.6,15.6,1.8,1.6,3.4,0.091,-0.2,0.2,-0.1,0.9
Yuta Watanabe,SF,27,TOR,38,445,11.5,0.524,0.572,0.29,4.2,19,11.2,6.6,1.2,3.5,10.9,16.8,0.1,0.6,0.7,0.075,-1.9,0,-2,0
Lindy Waters III,SG,24,OKC,25,465,13,0.562,0.834,0.029,1.3,15,8.1,8.1,2,1.6,5.8,17.5,0.3,0.5,0.8,0.081,-0.8,-0.8,-1.6,0.1
Tremont Waters,PG,24,TOT,3,50,5.4,0.357,0.643,0,0,9.2,4.3,18.2,5,0,22.2,15.5,-0.1,0.1,0,-0.042,-7.8,0.1,-7.7,-0.1
Trendon Watford,SF,21,POR,48,869,15.8,0.59,0.142,0.352,7,18.6,12.6,14.6,1.4,3.2,12.5,17.6,1.4,0.5,1.9,0.104,-1.4,-0.4,-1.7,0.1
Paul Watson,SF,27,OKC,9,156,5.7,0.432,0.743,0.057,1.9,16.1,8.9,7.2,0.9,1.8,10,11,-0.1,0.1,0,0.001,-4.8,-0.6,-5.4,-0.1
Quinndary Weatherspoon,SG,25,GSW,11,73,12,0.647,0.238,0.238,3.1,17.4,10.5,10.1,0.7,1.3,11.5,15.7,0.1,0.1,0.2,0.148,-4.5,0.1,-4.4,0
Russell Westbrook,PG,33,LAL,78,2678,15,0.512,0.215,0.324,4.4,18.8,11.6,31.6,1.3,0.7,17.3,27.3,-0.6,2.3,1.7,0.03,-0.7,-0.9,-1.6,0.2
Coby White,PG,21,CHI,61,1675,12.6,0.564,0.548,0.141,1.1,11,6.1,15,0.8,0.6,9.3,19.8,1.6,0.8,2.4,0.067,-0.4,-1.7,-2.1,0
Derrick White,SG,27,TOT,75,2199,14.8,0.549,0.461,0.294,1.8,10.7,6.3,22.9,1.4,2.3,11.6,19.9,2.8,2.3,5.1,0.111,0.4,0.6,0.9,1.6
Hassan Whiteside,C,32,UTA,65,1162,22.9,0.662,0,0.506,16.2,29.9,23.3,3.4,0.9,7.8,11.6,17.1,3.4,2.3,5.8,0.238,0.6,1.4,2.1,1.2
Joe Wieskamp,SG,22,SAS,29,205,7.1,0.494,0.768,0.232,2,5.2,3.6,5.5,0.9,1.2,3.1,13.1,0.1,0.1,0.1,0.035,-2.9,-1.1,-3.9,-0.1
Aaron Wiggins,SG,23,OKC,50,1209,10.3,0.556,0.409,0.252,4.3,11,7.6,8.5,1.2,0.8,12.6,15.3,0.5,0.8,1.2,0.048,-3.4,-0.9,-4.3,-0.7
Andrew Wiggins,SF,26,GSW,73,2329,15,0.56,0.392,0.231,4.1,10.9,7.6,10.8,1.6,2.1,9,23.1,1.8,3.4,5.1,0.105,0.3,0.1,0.4,1.4
Lindell Wigginton,PG,23,MIL,19,199,10.2,0.524,0.426,0.574,1.6,11.5,6.7,15.7,1.2,0.5,13.6,19,0,0.1,0.2,0.044,-3.2,-1.9,-5,-0.2
Brandon Williams,PG,22,POR,24,640,11,0.476,0.376,0.344,3.1,9.8,6.4,23.1,1.8,1.5,15.2,25.9,-0.7,0.2,-0.5,-0.037,-2.6,-3.1,-5.7,-0.6
Grant Williams,PF,23,BOS,77,1875,11.2,0.635,0.597,0.22,3.8,11.8,7.9,5.7,1,2.8,11.6,12.6,2.4,2.6,5.1,0.13,-1.4,1.1,-0.4,0.8
Kenrich Williams,SF,27,OKC,49,1072,13.3,0.532,0.382,0.174,7.1,14.1,10.5,15.3,2,0.9,11.9,15.6,0.8,1,1.8,0.081,-1.3,1.1,-0.3,0.5
Lou Williams,PG,35,ATL,56,799,12.1,0.5,0.319,0.244,2.2,9.7,6,18.6,1.7,0.3,10.8,21.7,0.2,0.4,0.6,0.034,-2,-1.4,-3.4,-0.3
Patrick Williams,PF,20,CHI,17,422,12.7,0.637,0.284,0.402,4.6,13.8,9.2,4.8,1,1.8,11.8,14.2,0.6,0.3,0.9,0.099,-0.9,-0.7,-1.5,0
Robert Williams,C,24,BOS,61,1804,22.1,0.745,0.003,0.245,14.6,20.5,17.6,9.7,1.5,6.8,13.4,11.5,6,3.9,9.9,0.262,2.4,3.1,5.5,3.4
Ziaire Williams,SF,20,MEM,62,1346,9.7,0.559,0.571,0.13,2,8.2,5,6.3,1.2,0.8,8.4,14.9,1.1,1.1,2.2,0.08,-2.4,-0.6,-3,-0.3
D.J. Wilson,PF,25,TOR,4,54,27.9,0.773,0.133,0.667,1.9,31.8,16.1,14.6,4.6,1.8,9.3,17,0.2,0.1,0.4,0.328,1.8,3.2,5,0.1
Dylan Windler,SF,25,CLE,50,459,8.8,0.519,0.714,0.184,5.2,16,10.7,10,1.5,0.6,13.1,11.8,0.2,0.6,0.8,0.084,-2.9,1.2,-1.7,0
Justise Winslow,PF,25,TOT,48,774,13.1,0.479,0.257,0.257,7,20.9,14,16.1,2.2,2.9,14.6,18.9,-0.3,1.1,0.8,0.048,-2.7,1,-1.7,0.1
Cassius Winston,PG,23,WAS,7,39,6,0.549,0.545,0.364,0,2.8,1.4,24.4,0,0,19,18,0,0,0,0.015,-5.9,-3.5,-9.3,-0.1
Christian Wood,C,26,HOU,68,2094,19.1,0.595,0.383,0.378,5.7,30.4,18,12.2,1.2,2.8,11,23.3,2.9,2,4.9,0.112,2.1,-0.4,1.6,1.9
Robert Woodard II,SF,22,SAC,12,42,2.1,0.207,0.25,0.125,12.8,15.7,14.3,9,1.1,2.1,5.6,18.3,-0.2,0,-0.1,-0.147,-6.8,-3.6,-10.4,-0.1
Delon Wright,SG,29,ATL,77,1452,13.8,0.576,0.431,0.234,3.8,12.7,8.3,16.6,3.1,1.2,13.2,10.3,2.2,1.5,3.6,0.121,-0.2,2.4,2.2,1.6
McKinley Wright IV,PG,23,MIN,5,19,9.5,0.833,0.667,0,0,0,0,20.9,0,0,25,8.8,0,0,0,0.092,-1.4,-2.8,-4.2,0
Moses Wright,PF,23,TOT,4,14,18.3,0.47,0.25,0.75,7.9,15.9,11.9,16.8,0,6.5,0,17.1,0,0,0.1,0.18,1.1,0.4,1.4,0
Gabe York,SG,28,IND,2,21,12.7,0.435,0.857,0.714,0,10.8,5.3,25.1,4.7,4.1,9.8,20.8,0,0,0,0.059,-3.7,2.2,-1.5,0
Thaddeus Young,PF,33,TOT,52,845,17,0.548,0.176,0.18,9.8,16.8,13.1,17.7,3.1,2,15,17.4,0.9,1.3,2.2,0.126,0.1,2.1,2.2,0.9
Trae Young,PG,23,ATL,76,2652,25.4,0.603,0.395,0.358,2.1,9.6,5.9,46.7,1.3,0.2,14.5,34.4,9,1,10,0.181,7.1,-2,5.2,4.8
Omer Yurtseven,C,23,MIA,56,706,17.4,0.546,0.045,0.247,13.9,33,23.6,11,1.2,3,13,19.9,0.8,1.4,2.1,0.145,-1.4,0.4,-1,0.2
Cody Zeller,C,29,POR,27,355,17.2,0.627,0.044,0.544,14.9,24.1,19.3,9.4,1.1,1.7,14.6,15.9,0.9,0.2,1.1,0.143,-1.2,-1,-2.1,0
Ivica Zubac,C,24,LAC,76,1852,19.2,0.66,0,0.459,12.8,23.7,18.4,9.8,1,3.5,16.1,16.8,4.3,2.9,7.2,0.187,-0.1,0.8,0.7,1.3
