jugador,Pos,Age,Tm,G,GS,MP,FG,FGA,FG%,3P,3PA,3P%,2P,2PA,2P%,eFG%,FT,FTA,FT%,ORB,DRB,TRB,AST,STL,BLK,TOV,PF,PTS,PER,TS%,3PAr,FTr,ORB%,DRB%,TRB%,AST%,STL%,BLK%,TOV%,USG%,OWS,DWS,WS,WS/48,OBPM,DBPM,BPM,VORP,salario
Precious Achiuwa,C,22,TOR,73,28,1725,265,603,0.439,56,156,0.359,209,447,0.468,0.486,78,131,0.595,146,327,473,82,37,41,84,151,664,12.7,0.503,0.259,0.217,8.7,21.7,14.9,6.9,1.1,2.3,11.3,18.5,0.4,2.1,2.5,0.07,-2,-0.6,-2.6,-0.2,2840160
Steven Adams,C,28,MEM,76,75,1999,210,384,0.547,0,1,0,210,383,0.548,0.547,108,199,0.543,349,411,760,256,65,60,115,153,528,17.6,0.56,0.003,0.518,17.9,22,19.9,16.1,1.6,2.7,19.6,12,3.8,3,6.8,0.163,1,1,2,2,17926829
Bam Adebayo,C,24,MIA,56,56,1825,406,729,0.557,0,6,0,406,723,0.562,0.557,256,340,0.753,137,427,564,190,80,44,148,171,1068,21.8,0.608,0.008,0.466,8.7,26.1,17.5,17.5,2.2,2.6,14.4,25,3.6,3.5,7.2,0.188,1.7,2.1,3.8,2.7,30351780
Santi Aldama,PF,21,MEM,32,0,360,53,132,0.402,6,48,0.125,47,84,0.56,0.424,20,32,0.625,33,54,87,21,6,10,16,36,132,10.2,0.452,0.364,0.242,9.4,16.1,12.6,7.7,0.8,2.5,9.9,18.4,-0.1,0.4,0.3,0.044,-4.2,-1.5,-5.7,-0.3,2094120
Nickeil Alexander-Walker,SG,23,TOT,65,21,1466,253,680,0.372,105,338,0.311,148,342,0.433,0.449,81,109,0.743,37,150,187,156,46,23,93,103,692,10.5,0.475,0.497,0.16,2.7,11.5,7.1,16.1,1.5,1.5,11.3,24.1,-1.1,1.1,0.1,0.003,-1.8,-1.1,-2.9,-0.3,5009633
Grayson Allen,SG,26,MIL,66,61,1805,255,569,0.448,159,389,0.409,96,180,0.533,0.588,64,74,0.865,32,190,222,100,46,18,43,96,733,12.7,0.609,0.684,0.13,1.9,10.9,6.5,7.6,1.2,1,6.7,15.2,2.8,1.4,4.2,0.11,0.6,-0.2,0.4,1.1,8500000
Jarrett Allen,C,23,CLE,56,56,1809,369,545,0.677,1,10,0.1,368,535,0.688,0.678,165,233,0.708,192,410,602,92,44,75,94,97,904,23,0.698,0.018,0.428,12,24.5,18.4,8.2,1.2,3.7,12.7,18.1,5.4,3,8.5,0.225,2.7,1.2,3.9,2.7,20000000
Jose Alvarado,PG,23,NOP,54,1,834,131,294,0.446,32,110,0.291,99,184,0.538,0.5,36,53,0.679,25,75,100,152,71,7,40,73,330,16.4,0.52,0.374,0.18,3.2,10.2,6.6,26.9,4.2,0.8,11.2,18.4,1,1.1,2.1,0.121,-0.5,2.4,1.9,0.8,1563518
Kyle Anderson,PF,28,MEM,69,11,1484,209,469,0.446,36,109,0.33,173,360,0.481,0.484,67,105,0.638,69,299,368,183,77,45,71,108,521,14.4,0.506,0.232,0.224,4.8,21.6,13,16.2,2.5,2.7,12.1,16.2,1,2.5,3.5,0.113,-0.9,2.1,1.2,1.2,8780488
Giannis Antetokounmpo,PF,27,MIL,67,67,2204,689,1245,0.553,71,242,0.293,618,1003,0.616,0.582,553,766,0.722,134,644,778,388,72,91,219,212,2002,32.1,0.633,0.194,0.615,6.6,30.4,18.7,31.7,1.6,4,12.2,34.9,9.2,3.7,12.9,0.281,7.6,3.5,11.2,7.4,42492492
Thanasis Antetokounmpo,SF,29,MIL,48,6,473,70,128,0.547,2,14,0.143,68,114,0.596,0.555,29,46,0.63,40,61,101,22,16,12,26,68,171,12.5,0.577,0.109,0.359,9.2,13.4,11.3,6.5,1.6,2.4,14.9,15.7,0.4,0.5,0.9,0.095,-3.5,-0.1,-3.5,-0.2,1878720
Cole Anthony,PG,21,ORL,65,65,2059,357,912,0.391,132,391,0.338,225,521,0.432,0.464,216,253,0.854,32,316,348,369,46,17,170,171,1062,13.5,0.519,0.429,0.277,1.6,16.2,8.9,28.9,1.1,0.8,14.2,25.1,-0.1,1.7,1.6,0.038,-0.6,-0.6,-1.2,0.4,3613680
OG Anunoby,SF,24,TOR,48,48,1728,309,697,0.443,115,317,0.363,194,380,0.511,0.526,89,118,0.754,74,190,264,125,71,25,80,131,822,14.8,0.549,0.455,0.169,4.4,12.6,8.3,11,2.1,1.4,9.7,20.5,1.8,1.9,3.7,0.104,0.4,0.1,0.5,1.1,17357143
D.J. Augustin,PG,34,TOT,55,2,883,94,222,0.423,68,164,0.415,26,58,0.448,0.577,38,43,0.884,11,57,68,107,17,1,56,39,294,9.7,0.61,0.739,0.194,1.4,7,4.2,16.8,0.9,0.1,18.9,14.3,0.7,0.1,0.8,0.043,-1.2,-2.4,-3.6,-0.4,333333
Deni Avdija,SF,21,WAS,82,8,1984,250,579,0.432,82,259,0.317,168,320,0.525,0.503,103,136,0.757,52,373,425,167,59,44,87,190,685,11.6,0.536,0.447,0.235,3,20.5,11.9,11.8,1.5,1.9,12,16.3,0.6,1.8,2.4,0.058,-2.1,0.4,-1.7,0.1,4916160
Deandre Ayton,C,23,PHO,58,58,1713,442,697,0.634,7,19,0.368,435,678,0.642,0.639,106,142,0.746,149,444,593,84,40,40,91,142,997,21.9,0.656,0.027,0.204,9.6,27.1,18.6,7.6,1.1,2.1,10.7,21.4,4.1,3.1,7.3,0.203,2.2,0.6,2.8,2.1,30913750
Udoka Azubuike,C,22,UTA,17,6,195,37,49,0.755,0,0,0,37,49,0.755,0.755,6,11,0.545,18,53,71,0,1,11,12,25,80,17.6,0.743,0,0.224,10.5,28.8,19.9,0,0.3,5,18.2,14.7,0.3,0.3,0.6,0.157,-1.8,0.4,-1.4,0,2174880
Marvin Bagley III,PF,22,TOT,48,25,1146,225,446,0.504,23,97,0.237,202,349,0.579,0.53,67,101,0.663,105,233,338,36,22,18,39,93,540,15.7,0.551,0.217,0.226,9.7,22.6,16,5.2,0.9,1.4,7.4,19.8,1.2,0.9,2,0.085,-0.5,-1.8,-2.3,-0.1,12500000
LaMelo Ball,PG,20,CHO,75,75,2422,538,1254,0.429,220,565,0.389,318,689,0.462,0.517,212,243,0.872,108,393,501,571,119,30,245,237,1508,19.7,0.554,0.451,0.194,4.7,17.4,11,35.7,2.4,1.2,15.3,28.2,3.4,2.5,5.8,0.116,3.3,0.1,3.4,3.3,8623920
Lonzo Ball,PG,24,CHI,35,35,1212,162,383,0.423,110,260,0.423,52,123,0.423,0.567,21,28,0.75,35,155,190,178,64,31,82,85,455,14.5,0.575,0.679,0.073,3.3,14.3,8.8,20,2.6,2.2,17.2,17.4,0.8,1.4,2.2,0.088,0.9,1.6,2.5,1.4,19534884
Mo Bamba,C,23,ORL,71,69,1824,296,617,0.48,107,281,0.381,189,336,0.563,0.566,57,73,0.781,148,424,572,85,38,118,77,182,756,16.5,0.582,0.455,0.118,8.5,24.6,16.5,7.4,1,5.9,10.6,17.2,1.8,2.7,4.5,0.118,-0.2,0.9,0.7,1.2,10300000
Desmond Bane,SG,23,MEM,76,76,2266,508,1101,0.461,228,523,0.436,280,578,0.484,0.565,140,155,0.903,46,288,334,208,92,29,111,196,1384,17.6,0.592,0.475,0.141,2.1,13.6,7.7,13.5,1.9,1.1,8.7,23.1,4.5,2.7,7.2,0.153,2.5,0.3,2.7,2.7,2130240
Dalano Banton,PG,22,TOR,64,1,696,83,202,0.411,13,51,0.255,70,151,0.464,0.443,26,44,0.591,38,86,124,99,28,10,53,68,205,10,0.463,0.252,0.218,5.6,14.1,9.7,19.8,2,1.4,19.3,16.9,-0.4,0.8,0.4,0.03,-3.5,0.4,-3.1,-0.2,1563518
Harrison Barnes,PF,29,SAC,77,77,2587,391,834,0.469,142,360,0.394,249,474,0.525,0.554,341,413,0.826,82,350,432,186,53,14,118,94,1265,15.7,0.623,0.432,0.495,3.4,14.9,9.1,10.5,1,0.5,10.4,18.8,5,1,6,0.112,1.5,-1.3,0.2,1.4,18352273
Scottie Barnes,PF,20,TOR,74,74,2617,459,932,0.492,58,193,0.301,401,739,0.543,0.524,158,215,0.735,195,362,557,256,80,55,136,192,1134,16.3,0.552,0.207,0.231,7.7,15.8,11.5,14.7,1.5,2.1,11.7,19,3.7,2.9,6.6,0.122,0.5,0.4,0.9,1.9,7644600
RJ Barrett,SF,21,NYK,70,70,2417,487,1194,0.408,138,404,0.342,349,790,0.442,0.466,290,406,0.714,66,342,408,208,43,16,151,142,1402,13.7,0.511,0.338,0.34,2.9,15.5,9.1,14.9,0.9,0.7,9.9,27.6,0.1,2.2,2.3,0.046,-0.3,-1.3,-1.6,0.2,10900635
Will Barton,SG,31,DEN,71,71,2277,392,896,0.438,157,430,0.365,235,466,0.504,0.525,102,127,0.803,44,296,340,276,55,31,127,114,1043,13.4,0.548,0.48,0.142,2.2,14.1,8.3,17.6,1.2,1.2,11.8,20.8,1.2,1.9,3.2,0.067,0.4,-0.9,-0.5,0.9,14375000
Charles Bassey,C,21,PHI,23,0,168,30,47,0.638,0,4,0,30,43,0.698,0.638,9,12,0.75,22,40,62,7,5,17,8,32,69,21.5,0.66,0.085,0.255,14.9,26.1,20.6,6.5,1.5,9.1,13.3,16.1,0.4,0.3,0.8,0.22,-0.4,2.1,1.7,0.2,1563518
Keita Bates-Diop,SF,26,SAS,59,14,956,136,263,0.517,17,55,0.309,119,208,0.572,0.549,46,61,0.754,62,169,231,41,27,14,45,61,335,12.4,0.578,0.209,0.232,6.8,18.7,12.7,5.7,1.4,1.2,13.4,14.8,0.6,1,1.6,0.08,-2.1,-0.5,-2.6,-0.1,1878720
Nicolas Batum,PF,33,LAC,59,54,1462,179,387,0.463,108,270,0.4,71,117,0.607,0.602,25,38,0.658,29,225,254,100,58,42,40,80,491,13.5,0.608,0.698,0.098,2.2,15.8,9.2,9.7,1.9,2.4,9,13.3,1.6,2.1,3.7,0.123,0.5,1.8,2.3,1.6,19700319
Darius Bazley,PF,21,OKC,69,53,1924,274,649,0.422,80,269,0.297,194,380,0.511,0.484,117,170,0.688,71,365,436,97,58,70,90,68,745,12.6,0.515,0.414,0.262,3.7,19.8,11.6,7.7,1.5,3.4,11.1,18.3,-0.5,2.2,1.8,0.044,-2.1,0.3,-1.8,0.1,4264629
Bradley Beal,SG,28,WAS,40,40,1439,348,771,0.451,63,210,0.3,285,561,0.508,0.492,169,203,0.833,38,151,189,265,36,15,135,95,928,17.5,0.539,0.272,0.263,3,11.4,7.3,30.8,1.2,0.9,13.6,30.8,0.6,0.7,1.4,0.046,2,-1.2,0.8,1,43279250
Malik Beasley,SG,25,MIN,79,18,1976,332,850,0.391,240,637,0.377,92,213,0.432,0.532,49,60,0.817,26,201,227,116,43,12,43,88,953,11.9,0.544,0.749,0.071,1.4,11.2,6.2,8.5,1,0.6,4.7,19.4,1.7,1.2,2.9,0.069,0.7,-1.5,-0.7,0.7,15558035
Dāvis Bertāns,PF,29,TOT,56,0,807,99,275,0.36,77,230,0.335,22,45,0.489,0.5,36,40,0.9,12,105,117,31,17,12,19,85,311,9.4,0.531,0.836,0.145,1.7,14.3,8,5.5,1,1.3,6.1,17.3,0.2,0.7,0.9,0.053,-1.7,-0.9,-2.6,-0.1,16000000
Patrick Beverley,PG,33,MIN,58,54,1476,177,436,0.406,83,242,0.343,94,194,0.485,0.501,96,133,0.722,62,178,240,268,67,52,73,174,533,14.8,0.539,0.555,0.305,4.4,13.2,8.7,24.5,2.2,3.4,12.9,16.1,2.3,1.7,4.1,0.132,0.6,2.1,2.7,1.7,13000000
Saddiq Bey,SF,22,DET,82,82,2704,450,1136,0.396,211,610,0.346,239,526,0.454,0.489,210,254,0.827,107,334,441,233,73,16,96,128,1321,14,0.529,0.537,0.224,4.1,14.1,8.8,13.8,1.3,0.5,7.1,21.3,2.4,1.6,4,0.071,0.9,-1.2,-0.3,1.2,2959080
Khem Birch,C,29,TOR,55,28,991,97,200,0.485,0,14,0,97,186,0.522,0.485,53,71,0.746,122,117,239,56,30,26,29,104,247,13.2,0.534,0.07,0.355,12.7,13.5,13.1,7.6,1.5,2.6,11.1,11.2,1.5,1.1,2.6,0.126,-1.7,0.4,-1.3,0.2,6667500
Goga Bitadze,C,22,IND,50,16,729,131,252,0.52,23,80,0.288,108,172,0.628,0.565,64,94,0.681,79,98,177,55,21,42,46,107,349,18,0.595,0.317,0.373,11.9,15.3,13.5,11.2,1.4,5,13.6,19.9,1.3,0.6,1.9,0.122,-0.2,-0.6,-0.8,0.2,4765339
Bismack Biyombo,C,29,PHO,36,3,506,86,145,0.593,0,0,0,86,145,0.593,0.593,38,71,0.535,63,104,167,23,12,26,25,70,210,17.3,0.596,0,0.49,13.7,21.5,17.7,6.2,1.1,4.6,12.4,17.1,0.9,0.9,1.8,0.17,-1.7,0.4,-1.3,0.1,1836090
Eric Bledsoe,PG,32,LAC,54,29,1361,197,468,0.421,51,163,0.313,146,305,0.479,0.475,89,117,0.761,28,154,182,225,69,19,116,85,534,12.5,0.514,0.348,0.25,2.2,11.6,7.1,24.1,2.5,1.2,18.3,20.5,-0.5,1.8,1.3,0.047,-2.1,1.3,-0.8,0.4,1300000
Bogdan Bogdanović,SG,29,ATL,63,27,1848,342,794,0.431,169,459,0.368,173,335,0.516,0.537,97,115,0.843,29,221,250,194,68,14,70,132,950,15.4,0.562,0.578,0.145,1.7,13,7.4,15.5,1.8,0.7,7.7,21.6,2.5,1.2,3.7,0.095,1.5,-0.2,1.3,1.5,18000000
Bojan Bogdanović,PF,32,UTA,69,69,2131,422,928,0.455,181,468,0.387,241,460,0.524,0.552,223,260,0.858,58,238,296,120,34,1,118,116,1248,15.7,0.599,0.504,0.28,3.1,11.8,7.6,8.7,0.8,0,10.2,23.7,3.6,1.6,5.2,0.118,1.6,-1.6,0,1.1,19550000
Bol Bol,PF,22,DEN,14,0,81,15,27,0.556,1,4,0.25,14,23,0.609,0.574,2,5,0.4,4,16,20,5,1,2,4,4,33,13.5,0.565,0.148,0.185,5.7,21.4,13.8,9.1,0.6,2.2,12,18,0,0.1,0.1,0.065,-0.5,-0.4,-1,0,2200000
Leandro Bolmaro,SF,21,MIN,35,2,241,17,54,0.315,5,18,0.278,12,36,0.333,0.361,11,13,0.846,16,27,43,21,6,0,13,26,50,5.4,0.419,0.333,0.241,6.9,12.3,9.6,11,1.2,0,17.9,12.6,-0.1,0.2,0,0.004,-5.1,-0.7,-5.8,-0.2,2471160
Devin Booker,SG,25,PHO,68,68,2345,662,1421,0.466,183,478,0.383,479,943,0.508,0.53,315,363,0.868,45,297,342,329,77,26,162,180,1822,21.3,0.576,0.336,0.255,2.1,13.2,7.8,22.4,1.6,1,9.3,32,4.3,3.3,7.6,0.156,3.9,0.2,4.1,3.6,33833400
Brandon Boston Jr.,SG,20,LAC,51,0,760,125,325,0.385,34,111,0.306,91,214,0.425,0.437,59,72,0.819,17,94,111,51,26,13,31,43,343,11.2,0.481,0.342,0.222,2.4,12.7,7.7,10.1,1.7,1.5,8,22.4,-0.5,0.9,0.4,0.026,-3,-0.4,-3.3,-0.3,1563518
Chris Boucher,SF,29,TOR,80,9,1690,268,577,0.464,68,229,0.297,200,348,0.575,0.523,150,193,0.777,179,315,494,25,49,75,42,174,754,17.9,0.57,0.397,0.334,10.9,21.3,15.8,2.2,1.4,4.3,6,17.8,3.5,2.4,6,0.169,0.5,-0.4,0,0.9,12690000
James Bouknight,SG,21,CHO,31,0,304,49,141,0.348,17,49,0.347,32,92,0.348,0.408,27,31,0.871,22,30,52,26,7,1,15,29,142,10.1,0.459,0.348,0.22,7.6,10.6,9.1,11.9,1.1,0.3,8.8,23.7,-0.1,0.1,0,0.001,-3.4,-3.7,-7.1,-0.4,4362240
Tony Bradley,C,24,CHI,55,7,549,72,123,0.585,0,0,0,72,123,0.585,0.585,19,29,0.655,67,119,186,27,10,33,34,62,163,14.9,0.6,0,0.236,13.8,24.3,19.1,6.7,0.9,5.2,20,13.6,0.6,0.7,1.3,0.112,-2,0.2,-1.8,0,2036318
Mikal Bridges,SF,25,PHO,82,82,2854,458,858,0.534,115,312,0.369,343,546,0.628,0.601,131,157,0.834,74,273,347,185,96,36,68,150,1162,14.4,0.627,0.364,0.183,2.9,10,6.5,8.7,1.6,1.1,6.8,15,5.2,3.7,8.9,0.15,0.5,1.1,1.6,2.6,20100000
Oshae Brissett,SF,23,IND,67,25,1564,208,506,0.411,83,237,0.35,125,269,0.465,0.493,114,164,0.695,108,250,358,72,44,29,54,116,613,12.9,0.53,0.468,0.324,7.6,18.1,12.8,6.4,1.4,1.6,8.5,17.3,1.4,0.9,2.2,0.069,-0.5,-1.7,-2.2,-0.1,1846738
Malcolm Brogdon,PG,29,IND,36,36,1206,243,543,0.448,58,186,0.312,185,357,0.518,0.501,143,167,0.856,33,152,185,212,30,14,77,71,687,18,0.557,0.343,0.308,3,14.3,8.6,26.9,1.2,1,11.1,24.6,2.2,0.4,2.7,0.106,2.8,-0.5,2.3,1.3,22600000
Armoni Brooks,SG,23,TOT,54,11,844,98,289,0.339,74,249,0.297,24,40,0.6,0.467,18,21,0.857,20,83,103,62,28,11,27,74,288,8.4,0.483,0.862,0.073,2.5,10.9,6.7,10.4,1.6,1.2,8.3,16.4,-0.1,0.4,0.2,0.014,-2.6,-1.3,-3.9,-0.4,NA
Dillon Brooks,SF,26,MEM,32,31,885,227,526,0.432,46,149,0.309,181,377,0.48,0.475,90,106,0.849,29,73,102,88,36,8,50,105,590,15.5,0.515,0.283,0.202,3.4,8.8,6,15.4,1.9,0.8,8,28.8,0.7,0.9,1.6,0.087,-1,-0.8,-1.8,0,11400000
Bruce Brown,SF,25,BRK,72,45,1774,256,506,0.506,38,94,0.404,218,412,0.529,0.543,97,128,0.758,100,245,345,148,77,52,56,176,647,15,0.575,0.186,0.253,6.3,14.7,10.6,11.5,2.1,2.6,9.1,15,2.8,2,4.8,0.13,-0.4,1.1,0.7,1.2,6479000
Greg Brown III,SF,20,POR,48,6,640,81,190,0.426,19,61,0.311,62,129,0.481,0.476,44,65,0.677,38,97,135,35,26,24,36,90,225,11,0.515,0.321,0.342,6.3,17.3,11.6,8.1,2,3.7,14.1,17.2,-0.1,0.5,0.4,0.029,-4,-0.7,-4.7,-0.4,1563518
Jaylen Brown,SF,25,BOS,66,66,2220,576,1217,0.473,166,464,0.358,410,753,0.544,0.541,241,318,0.758,53,351,404,231,70,18,178,163,1559,18.9,0.574,0.381,0.261,2.6,16.7,9.8,17.9,1.6,0.7,11.6,30.5,2.3,3.4,5.8,0.124,1.9,0.1,2.1,2.2,28741071
Moses Brown,C,22,TOT,40,6,345,64,108,0.593,0,0,0,64,108,0.593,0.593,43,72,0.597,39,96,135,1,7,16,20,53,171,18.5,0.612,0,0.667,12.7,30.5,21.7,0.4,1,4.2,12.5,20.7,0.5,0.7,1.2,0.16,-2.4,-0.9,-3.3,-0.1,1836090
Sterling Brown,SG,26,DAL,49,3,628,59,155,0.381,28,92,0.304,31,63,0.492,0.471,14,15,0.933,26,123,149,34,14,7,23,56,160,8.4,0.495,0.594,0.097,4.6,21.8,13.2,7.5,1.1,1,12.5,13.2,-0.1,0.9,0.8,0.061,-3.4,0.5,-2.9,-0.1,3000000
Troy Brown Jr.,SF,22,CHI,66,7,1055,108,258,0.419,47,133,0.353,61,125,0.488,0.51,20,26,0.769,39,164,203,66,36,5,26,62,283,10.1,0.525,0.516,0.101,4.2,17.4,10.8,8.2,1.7,0.4,8.8,12.3,0.5,0.9,1.4,0.065,-1.7,-0.2,-1.8,0.1,1836090
Jalen Brunson,SG,25,DAL,79,61,2524,506,1008,0.502,94,252,0.373,412,756,0.545,0.549,179,213,0.84,43,266,309,377,66,3,124,151,1285,17.1,0.583,0.25,0.211,1.9,11.7,6.8,24.3,1.3,0.1,10.1,21.9,4.9,2.7,7.5,0.143,0.9,0,0.9,1.9,27733332
Thomas Bryant,C,24,WAS,27,9,439,77,148,0.52,12,42,0.286,65,106,0.613,0.561,35,40,0.875,26,82,108,23,6,21,19,43,201,16.6,0.607,0.284,0.27,6.7,20.4,13.6,7.9,0.7,4.1,10.3,18.7,0.7,0.4,1.1,0.118,-0.4,-0.7,-1,0.1,1836090
Reggie Bullock,SF,30,DAL,68,37,1902,201,501,0.401,141,392,0.36,60,109,0.55,0.542,40,48,0.833,33,208,241,83,41,14,40,111,583,9.2,0.558,0.782,0.096,1.9,12.2,7,6.1,1.1,0.7,7.1,13.3,1.2,2,3.2,0.08,-1.5,0,-1.4,0.3,10012800
Trey Burke,PG,29,DAL,42,0,441,84,215,0.391,26,82,0.317,58,133,0.436,0.451,20,23,0.87,4,29,33,57,12,0,26,39,214,10,0.475,0.381,0.107,1,7.3,4.2,20.7,1.4,0,10.4,25.6,-0.4,0.4,0,0.003,-3.6,-1.4,-5,-0.3,3423750
Alec Burks,SG,30,NYK,81,44,2318,285,728,0.391,157,389,0.404,128,339,0.378,0.499,217,264,0.822,47,350,397,239,85,26,91,215,944,13.7,0.559,0.534,0.363,2.1,16.6,9.2,15.7,1.8,1.1,9.7,17.7,3.2,2.9,6.1,0.126,-0.4,1.2,0.8,1.7,10012800
Jared Butler,SG,21,UTA,42,1,360,61,151,0.404,28,88,0.318,33,63,0.524,0.497,11,16,0.688,5,40,45,63,17,8,33,47,161,12.1,0.509,0.583,0.106,1.6,11.8,6.8,26,2.3,2,17.3,23.1,0,0.5,0.4,0.057,-2.3,0.7,-1.6,0,1563518
Jimmy Butler,SF,32,MIA,57,57,1931,398,829,0.48,27,116,0.233,371,713,0.52,0.496,396,455,0.87,102,234,336,312,94,27,121,88,1219,23.6,0.592,0.14,0.549,6.1,13.5,9.9,26.4,2.4,1.5,10.5,26.5,6.2,2.9,9.2,0.228,4.5,1.9,6.3,4,37653300
Kentavious Caldwell-Pope,SG,28,WAS,77,77,2329,361,829,0.435,159,408,0.39,202,421,0.48,0.531,137,154,0.89,41,220,261,145,83,26,97,139,1018,12.6,0.568,0.492,0.186,2,10.3,6.2,9.1,1.8,0.9,9.8,19,1.4,1.4,2.8,0.058,-0.9,-0.6,-1.5,0.3,14004703
Vlatko Čančar,PF,24,DEN,15,1,176,23,41,0.561,7,12,0.583,16,29,0.552,0.646,9,14,0.643,8,23,31,17,2,3,9,18,62,12.7,0.657,0.293,0.341,5.2,14.1,9.8,13.2,0.6,1.5,16,14,0.3,0.1,0.4,0.114,-0.9,-0.9,-1.7,0,2234359
Devin Cannady,PG,25,ORL,5,0,145,15,44,0.341,15,37,0.405,0,7,0,0.511,5,7,0.714,1,5,6,10,5,3,5,9,50,8.6,0.531,0.841,0.159,0.7,3.7,2.2,10,1.7,1.9,9.6,15.5,0,0.1,0.1,0.033,-2.8,-0.4,-3.2,0,1752638
Clint Capela,C,27,ATL,74,73,2042,370,604,0.613,0,1,0,370,603,0.614,0.613,80,169,0.473,279,598,877,92,55,93,44,166,820,21.4,0.604,0.002,0.28,15,31.9,23.5,6.6,1.3,4.1,6.1,15.5,5.6,2.7,8.3,0.195,2.1,-0.1,2,2.1,18706896
Vernon Carey Jr.,C,20,TOT,7,1,44,7,13,0.538,0,0,0,7,13,0.538,0.538,6,13,0.462,8,4,12,0,2,1,3,4,20,15.8,0.534,0,1,19.9,9.8,14.8,0,2.2,1.9,13.8,21.6,0,0,0.1,0.068,-3,-4.5,-7.5,-0.1,1782621
Jevon Carter,PG,26,TOT,66,3,905,98,253,0.387,66,170,0.388,32,83,0.386,0.518,15,18,0.833,14,96,110,96,24,14,34,67,277,9.6,0.531,0.672,0.071,1.7,11.2,6.6,14,1.3,1.4,11.5,14,0.5,0.7,1.2,0.062,-1.8,-0.4,-2.2,-0.1,6025000
Wendell Carter Jr.,PF,22,ORL,62,61,1852,359,684,0.525,70,214,0.327,289,470,0.615,0.576,143,207,0.691,139,509,648,171,36,43,117,169,931,18.4,0.601,0.313,0.303,7.9,29.1,18.5,15.4,0.9,2.1,13.1,20.9,2.6,2.4,5,0.129,1,0.6,1.6,1.7,14150000
Alex Caruso,SG,27,CHI,41,18,1147,102,256,0.398,42,126,0.333,60,130,0.462,0.48,58,73,0.795,33,115,148,165,71,15,57,106,304,11.7,0.528,0.492,0.285,3.3,11.2,7.3,18.5,3,1.1,16.5,13.3,0.7,1.2,2,0.082,-2.2,2.3,0.2,0.6,9030000
Justin Champagnie,SF,20,TOR,36,0,281,31,67,0.463,10,28,0.357,21,39,0.538,0.537,9,9,1,37,35,72,11,8,4,8,32,81,13.6,0.571,0.418,0.134,13.5,14.3,13.9,5.4,1.4,1.4,10.1,12,0.5,0.3,0.8,0.138,-1.3,-0.7,-2,0,1637966
Marquese Chriss,PF,24,DAL,34,0,346,62,134,0.463,8,25,0.32,54,109,0.495,0.493,22,33,0.667,33,70,103,17,13,12,17,64,154,14.8,0.518,0.187,0.246,10.6,22.5,16.5,7.7,1.9,3.1,10.3,21.5,0.2,0.6,0.8,0.108,-3.8,0,-3.8,-0.2,2193920
Josh Christopher,SG,20,HOU,74,2,1334,224,500,0.448,56,189,0.296,168,311,0.54,0.504,83,113,0.735,52,134,186,150,65,13,114,97,587,12.2,0.534,0.378,0.226,4.3,11.1,7.7,17.3,2.3,0.9,17.2,21.1,-0.4,0.7,0.3,0.01,-2.2,-1.3,-3.5,-0.5,2372160
Brandon Clarke,PF,25,MEM,64,1,1246,288,447,0.644,5,22,0.227,283,425,0.666,0.65,85,130,0.654,135,207,342,86,39,68,34,122,666,23.7,0.66,0.049,0.291,11.1,17.8,14.4,10.3,1.5,4.9,6.3,17.7,4.4,1.9,6.3,0.241,3.1,1.1,4.2,2,4343920
Jordan Clarkson,SG,29,UTA,79,1,2141,466,1113,0.419,190,597,0.318,276,516,0.535,0.504,144,174,0.828,67,206,273,194,66,16,129,149,1266,14.9,0.532,0.536,0.156,3.5,10.2,7,14.5,1.5,0.7,9.8,26.8,1.5,2,3.5,0.079,0.5,-1.2,-0.6,0.7,13340000
Nic Claxton,C,22,BRK,47,19,974,178,264,0.674,0,0,0,178,264,0.674,0.674,54,93,0.581,91,173,264,43,24,51,38,110,410,18.6,0.672,0,0.352,10.4,18.9,14.8,6.4,1.2,4.7,11.1,15.1,2.3,1.2,3.5,0.171,0.3,0.2,0.5,0.6,8500000
Amir Coffey,SG,24,LAC,69,30,1567,211,466,0.453,96,254,0.378,115,212,0.542,0.556,101,117,0.863,26,171,197,124,38,15,45,87,619,13,0.598,0.545,0.251,1.8,11.2,6.7,11.4,1.2,0.8,8,15.8,2.3,1.5,3.8,0.116,-0.3,0,-0.3,0.7,3395062
John Collins,PF,24,ATL,54,53,1663,339,644,0.526,64,176,0.364,275,468,0.588,0.576,134,169,0.793,93,329,422,98,33,56,60,164,876,18.7,0.61,0.273,0.262,6.2,21.5,13.9,8.9,1,3,7.7,20.5,3.6,1.4,5.1,0.146,1.5,0,1.5,1.5,23500000
Zach Collins,C,24,SAS,28,4,502,76,155,0.49,14,41,0.341,62,114,0.544,0.535,52,65,0.8,46,107,153,61,13,23,45,67,218,16.4,0.594,0.265,0.419,9.5,22.5,16,16.3,1.2,3.8,19.7,19.2,0.6,0.7,1.2,0.118,-1.2,1,-0.2,0.2,7350000
Mike Conley,PG,34,UTA,72,72,2058,344,791,0.435,169,414,0.408,175,377,0.464,0.542,129,162,0.796,47,170,217,385,96,21,123,142,986,17.2,0.572,0.523,0.205,2.6,8.8,5.8,27.7,2.3,0.9,12.5,20.9,4.4,2.3,6.7,0.157,2.4,0.7,3.1,2.7,22680000
Pat Connaughton,SF,29,MIL,65,19,1691,227,496,0.458,146,370,0.395,81,126,0.643,0.605,45,54,0.833,45,228,273,82,59,15,35,86,645,13.4,0.62,0.746,0.109,2.9,14,8.6,6.6,1.7,0.9,6.3,14,2.8,1.6,4.4,0.125,0.8,0.3,1.2,1.4,5728393
Robert Covington,PF,31,TOT,71,42,1940,209,498,0.42,128,339,0.378,81,159,0.509,0.548,58,69,0.841,59,332,391,92,103,91,75,190,604,12.4,0.572,0.681,0.139,3.3,18.9,11,6.8,2.6,4.4,12.4,13.5,0.8,2.4,3.2,0.08,-1.6,1.7,0.2,1.1,12307692
Torrey Craig,SF,31,TOT,78,16,1596,200,441,0.454,77,234,0.329,123,207,0.594,0.541,39,52,0.75,86,224,310,91,46,36,67,151,516,11,0.556,0.531,0.118,5.9,15.4,10.7,7.6,1.4,2,12.6,14.3,0.9,1.4,2.3,0.07,-1.7,-0.1,-1.8,0.1,5121951
Jae Crowder,PF,31,PHO,67,67,1886,217,544,0.399,127,365,0.348,90,179,0.503,0.516,71,90,0.789,30,324,354,124,95,30,55,173,632,11.3,0.541,0.671,0.165,1.8,18,10.1,8.3,2.4,1.4,8.6,14.6,0.9,3.4,4.3,0.11,-1.3,2.4,1.1,1.5,10183800
Cade Cunningham,SG,20,DET,64,64,2088,429,1031,0.416,114,363,0.314,315,668,0.472,0.471,142,168,0.845,58,296,354,356,78,43,234,200,1114,13.1,0.504,0.352,0.163,2.9,16.2,9.2,29.1,1.8,1.9,17.5,27.5,-2.4,1.9,-0.5,-0.011,-1.1,-0.5,-1.6,0.2,10552800
Seth Curry,SG,31,TOT,64,64,2135,360,739,0.487,158,374,0.422,202,365,0.553,0.594,82,94,0.872,21,179,200,230,53,14,109,148,960,13.7,0.615,0.506,0.127,1.1,9.1,5.2,16.3,1.2,0.6,12.3,18.5,2.7,1.5,4.2,0.095,0.3,-0.9,-0.6,0.8,8496653
Stephen Curry,PG,33,GSW,64,64,2211,535,1224,0.437,285,750,0.38,250,474,0.527,0.554,275,298,0.923,34,301,335,404,85,23,206,130,1630,21.4,0.601,0.613,0.243,1.7,14.4,8.3,30.4,1.9,1,13.2,30.8,4.6,3.4,8,0.173,5.4,0.4,5.8,4.4,48070014
Anthony Davis,C,28,LAL,40,40,1404,370,695,0.532,13,70,0.186,357,625,0.571,0.542,174,244,0.713,106,288,394,122,49,90,82,97,927,23.9,0.578,0.101,0.351,8.1,22,15.1,14.7,1.7,5.7,9.3,27.1,2.6,2,4.5,0.155,2.6,1.2,3.8,2,37980720
Terence Davis,SG,24,SAC,30,11,536,113,267,0.423,49,149,0.329,64,118,0.542,0.515,36,44,0.818,11,83,94,40,25,11,33,70,311,14.6,0.543,0.558,0.165,2.2,17,9.5,11.9,2.2,1.8,10.3,25.6,0,0.5,0.5,0.044,-0.6,-0.4,-0.9,0.2,4000000
Dewayne Dedmon,C,32,MIA,67,15,1065,164,290,0.566,19,47,0.404,145,243,0.597,0.598,75,100,0.75,105,281,386,47,24,42,70,174,422,15.9,0.632,0.162,0.345,11.4,29.4,20.6,6.7,1.1,4.2,17.3,16.9,1.5,2,3.5,0.157,-2.2,1.1,-1,0.3,7566667
DeMar DeRozan,PF,32,CHI,76,76,2743,774,1535,0.504,50,142,0.352,724,1393,0.52,0.521,520,593,0.877,56,336,392,374,68,24,181,178,2118,23.1,0.59,0.093,0.386,2.3,13.7,8,23.3,1.2,0.8,9.2,31.8,7,1.8,8.8,0.154,3.4,-0.9,2.5,3.1,27300000
Hamidou Diallo,SG,23,DET,58,29,1269,261,526,0.496,23,93,0.247,238,433,0.55,0.518,91,140,0.65,69,208,277,73,71,17,58,143,636,15.7,0.541,0.177,0.266,5.6,18.7,11.8,9.8,2.7,1.2,9,21.8,0.6,1.5,2.1,0.079,-1.2,0.7,-0.5,0.5,5200000
Gorgui Dieng,C,32,ATL,44,3,371,53,112,0.473,29,68,0.426,24,44,0.545,0.603,19,26,0.731,32,89,121,34,11,13,20,52,154,17.3,0.624,0.607,0.232,9.5,26.1,17.8,12.7,1.5,3.1,13.9,16.9,0.8,0.4,1.2,0.155,1.4,0.8,2.1,0.4,1836090
Spencer Dinwiddie,PG,28,TOT,67,51,1980,306,735,0.416,112,330,0.339,194,405,0.479,0.493,195,252,0.774,45,234,279,346,44,13,104,150,919,15.1,0.543,0.449,0.343,2.6,13,7.8,25.7,1.1,0.6,10.9,21.4,2.7,1.4,4.1,0.098,0.8,-0.4,0.3,1.2,20171427
Donte DiVincenzo,SG,25,TOT,42,1,1006,118,336,0.351,74,218,0.339,44,118,0.373,0.461,70,83,0.843,40,130,170,118,48,8,72,69,380,11.3,0.51,0.649,0.247,4.3,14,9.1,16.1,2.3,0.7,16.2,18.9,-0.1,0.9,0.7,0.035,-1.8,-0.5,-2.3,-0.1,4500000
Luka Dončić,PG,22,DAL,65,65,2301,641,1403,0.457,201,569,0.353,440,834,0.528,0.529,364,489,0.744,56,537,593,568,75,36,292,145,1847,25.1,0.571,0.406,0.349,2.7,26,14.3,46,1.6,1.4,15.3,37.4,3.8,3.8,7.6,0.159,6.4,1.8,8.2,5.9,37096500
Luguentz Dort,SG,22,OKC,51,51,1665,293,726,0.404,130,391,0.332,163,335,0.487,0.493,161,191,0.843,38,174,212,88,46,18,88,149,877,12.3,0.541,0.539,0.263,2.3,10.9,6.5,8.6,1.3,1,9.8,23.3,0.2,1.1,1.4,0.04,-1.5,-0.7,-2.3,-0.1,15277778
Ayo Dosunmu,SG,22,CHI,77,40,2110,278,535,0.52,70,186,0.376,208,349,0.596,0.585,53,78,0.679,27,187,214,256,60,29,108,182,679,11.2,0.596,0.348,0.146,1.4,9.9,5.7,16.5,1.4,1.2,15.9,14.1,1.7,1.3,3,0.069,-1.9,-0.1,-2,0,1563518
Andre Drummond,C,28,TOT,73,36,1437,247,433,0.57,0,3,0,247,430,0.574,0.57,86,164,0.524,229,451,680,131,78,68,115,192,580,21,0.574,0.007,0.379,18,34.1,26.2,13.7,2.7,4.2,18.5,19,2,3.1,5.1,0.17,-0.1,1.4,1.3,1.2,3200000
Chris Duarte,SG,24,IND,55,39,1541,268,621,0.432,94,255,0.369,174,366,0.475,0.507,90,112,0.804,41,185,226,114,56,10,90,95,720,12.3,0.537,0.411,0.18,2.9,13.6,8.2,10.9,1.8,0.6,11.8,21.1,0.2,0.7,0.9,0.029,-1.2,-1.1,-2.3,-0.1,3936960
Kevin Durant,PF,33,BRK,55,55,2047,578,1115,0.518,115,300,0.383,463,815,0.568,0.57,372,409,0.91,29,378,407,351,48,52,191,113,1643,25.6,0.634,0.269,0.367,1.6,19.6,10.8,29.1,1.1,2.3,12.9,31.2,6.4,2,8.4,0.198,6.4,0.7,7.2,4.8,44119845
Anthony Edwards,SG,20,MIN,72,72,2466,549,1245,0.441,215,602,0.357,334,643,0.519,0.527,220,280,0.786,62,281,343,275,105,46,190,164,1533,16.5,0.56,0.484,0.225,2.6,12.5,7.5,17.4,2,1.8,12.2,26.4,1.8,2.4,4.3,0.084,1.6,-0.4,1.2,2,10733400
Kessler Edwards,SF,21,BRK,48,23,987,110,267,0.412,48,136,0.353,62,131,0.473,0.502,16,19,0.842,44,128,172,31,29,24,42,85,284,8.3,0.516,0.509,0.071,5,13.8,9.5,4.1,1.4,2.2,13.2,13.8,-0.2,0.9,0.6,0.031,-3.1,-0.8,-3.8,-0.5,1637966
CJ Elleby,SF,21,POR,58,28,1174,121,308,0.393,37,126,0.294,84,182,0.462,0.453,60,84,0.714,66,161,227,87,35,19,56,116,339,9.2,0.491,0.409,0.273,6,15.6,10.6,10.6,1.5,1.6,14,14.8,-0.1,0.5,0.4,0.016,-3.8,-1.5,-5.3,-1,1836090
Joel Embiid,C,27,PHI,68,68,2297,666,1334,0.499,93,251,0.371,573,1083,0.529,0.534,654,803,0.814,146,650,796,284,77,99,214,181,2079,31.2,0.616,0.188,0.602,7.2,31.1,19.4,23.5,1.7,3.9,11.3,37.2,7.9,4.1,12,0.252,7.2,2,9.2,6.5,33616770
Drew Eubanks,C,24,TOT,71,31,1245,221,371,0.596,5,23,0.217,216,348,0.621,0.602,99,130,0.762,130,252,382,85,31,40,81,122,546,18,0.638,0.062,0.35,11,22.2,16.5,10.1,1.2,2.8,15.9,17.5,2.2,1.1,3.4,0.13,-0.5,-0.9,-1.4,0.2,1836090
Derrick Favors,C,30,OKC,39,18,653,94,182,0.516,2,16,0.125,92,166,0.554,0.522,16,25,0.64,58,126,184,25,17,12,9,62,206,13.6,0.534,0.088,0.137,9,20.2,14.5,5.9,1.3,1.7,4.5,13.4,0.8,0.7,1.4,0.105,-2.3,0.3,-2.1,0,10183800
Bruno Fernando,C,23,TOT,30,0,152,36,55,0.655,1,2,0.5,35,53,0.66,0.664,15,24,0.625,18,37,55,7,1,11,14,24,88,21.2,0.671,0.036,0.436,13,26.6,19.8,7.5,0.3,6.5,17.6,22.4,0.2,0.2,0.4,0.14,-0.4,0.2,-0.1,0.1,1836090
Dorian Finney-Smith,PF,28,DAL,80,80,2644,326,692,0.471,172,435,0.395,154,257,0.599,0.595,56,83,0.675,122,253,375,150,88,39,80,183,880,12.5,0.604,0.629,0.12,5.1,10.7,7.9,8.2,1.7,1.3,9.9,13.8,3.4,3.2,6.6,0.121,0.1,0.7,0.8,1.9,12402000
Malik Fitts,PF,24,TOT,15,0,63,8,19,0.421,5,10,0.5,3,9,0.333,0.553,0,0,0,2,15,17,5,0,0,2,4,21,10.7,0.553,0.526,0,3.5,25.2,14.7,12.7,0,0,9.5,14.6,0.1,0.1,0.1,0.097,-0.6,-0.5,-1.1,0,555217
Malachi Flynn,PG,23,TOR,44,5,537,72,183,0.393,30,90,0.333,42,93,0.452,0.475,15,24,0.625,10,53,63,70,20,4,13,45,189,11.7,0.488,0.492,0.131,1.9,11.3,6.4,18.5,1.9,0.7,6.3,16.5,0.5,0.5,1,0.092,-1.8,0.4,-1.5,0.1,2145720
Bryn Forbes,SG,28,TOT,75,2,1286,231,539,0.429,122,295,0.414,109,244,0.447,0.542,79,87,0.908,10,83,93,75,25,5,56,95,663,11.5,0.574,0.547,0.161,0.9,6.9,3.9,8.3,0.9,0.3,8.8,21.2,0.8,0.6,1.4,0.054,-0.7,-2.2,-2.9,-0.3,1836090
Evan Fournier,SG,29,NYK,80,80,2358,402,965,0.417,241,619,0.389,161,346,0.465,0.541,80,113,0.708,34,176,210,171,79,20,105,180,1125,12.3,0.554,0.641,0.117,1.5,8.2,4.8,11.9,1.7,0.8,9.4,20.8,1.5,2.2,3.7,0.075,-0.4,-0.3,-0.7,0.7,18000000
De'Aaron Fox,PG,24,SAC,59,59,2083,516,1092,0.473,74,249,0.297,442,843,0.524,0.506,261,348,0.75,25,206,231,330,68,25,168,172,1367,17.4,0.549,0.228,0.319,1.3,10.9,6,26.8,1.6,1,11.9,29.1,1.5,1,2.5,0.058,0.6,-1.2,-0.6,0.7,30351780
Markelle Fultz,PG,23,ORL,18,3,360,83,175,0.474,4,17,0.235,79,158,0.5,0.486,25,31,0.806,4,45,49,99,20,5,40,22,195,17.7,0.517,0.097,0.177,1.2,13.2,7.2,48.9,2.7,1.3,17.5,27.5,0,0.4,0.4,0.053,-0.1,0.4,0.2,0.2,16500000
Wenyen Gabriel,PF,24,TOT,26,5,358,54,110,0.491,8,28,0.286,46,82,0.561,0.527,25,42,0.595,39,58,97,14,5,11,16,68,141,12.5,0.549,0.255,0.382,11.8,17.2,14.5,5.6,0.7,2.7,11.1,17.4,0.4,0.3,0.7,0.09,-3.7,-2.1,-5.9,-0.4,1878720
Daniel Gafford,C,23,WAS,72,53,1444,285,411,0.693,0,1,0,285,410,0.695,0.693,107,153,0.699,155,252,407,68,30,99,65,170,677,21.8,0.708,0.002,0.372,12.1,19,15.6,7.3,1,5.8,12,16.7,4.4,1.6,6,0.198,1.1,0.5,1.6,1.3,1930681
Danilo Gallinari,PF,33,ATL,66,18,1672,259,597,0.434,112,294,0.381,147,303,0.485,0.528,141,156,0.904,35,273,308,101,28,12,38,93,771,14.3,0.579,0.492,0.261,2.3,17.8,10.1,8.5,0.8,0.6,5.4,18.4,2.8,0.8,3.6,0.105,1,-1.2,-0.2,0.8,16907880
Darius Garland,PG,22,CLE,68,68,2430,542,1173,0.462,174,454,0.383,368,719,0.512,0.536,215,241,0.892,39,185,224,583,89,7,248,115,1473,19,0.576,0.387,0.205,1.8,8.2,5.1,39.9,1.8,0.3,16.2,27.8,3.8,2.5,6.3,0.125,3.4,-0.8,2.6,2.8,8920795
Usman Garuba,PF,19,HOU,24,2,239,19,44,0.432,5,20,0.25,14,24,0.583,0.489,5,7,0.714,21,62,83,17,10,11,6,28,48,12.9,0.51,0.455,0.159,9.6,28.7,19.1,9.6,2,4.1,11.3,9.4,0.2,0.3,0.5,0.105,-1.8,0.9,-0.9,0.1,2471160
Rudy Gay,PF,35,UTA,55,1,1038,157,379,0.414,70,203,0.345,87,176,0.494,0.507,62,79,0.785,55,187,242,56,25,19,47,95,446,13,0.539,0.536,0.208,6,19.1,12.8,7.8,1.2,1.6,10.2,19.3,0.8,1.3,2.1,0.097,-0.7,-0.3,-1,0.3,6184500
Paul George,PF,31,LAC,31,31,1077,268,636,0.421,91,257,0.354,177,379,0.467,0.493,127,148,0.858,12,201,213,176,67,13,126,74,754,18.6,0.538,0.404,0.233,1.2,19.2,10.5,28.1,3,1,15.2,33.7,-0.6,1.9,1.3,0.057,1.8,1.9,3.7,1.6,42492492
Taj Gibson,C,36,NYK,52,4,946,86,166,0.518,15,38,0.395,71,128,0.555,0.563,42,52,0.808,88,141,229,32,22,40,27,137,229,12,0.606,0.229,0.313,9.8,16.3,13,4.9,1.2,4.2,12.5,10,1.4,1.2,2.7,0.135,-3,1,-2,0,1836090
Josh Giddey,SF,19,OKC,54,54,1700,281,670,0.419,56,213,0.263,225,457,0.492,0.461,56,79,0.709,98,323,421,345,51,20,171,88,674,13.3,0.478,0.318,0.118,5.8,19.8,12.7,32.3,1.5,1.1,19.5,22.2,-1.3,1.7,0.4,0.01,-1.2,0.3,-0.9,0.5,6287400
Shai Gilgeous-Alexander,PG,23,OKC,56,56,1942,477,1052,0.453,89,297,0.3,388,755,0.514,0.496,328,405,0.81,37,241,278,331,71,46,154,142,1371,20.9,0.557,0.282,0.385,1.9,13,7.4,31.1,1.8,2.2,11.1,30.8,2.8,1.8,4.6,0.113,2.9,0.5,3.4,2.7,30913750
Anthony Gill,PF,29,WAS,44,0,463,62,109,0.569,14,26,0.538,48,83,0.578,0.633,42,52,0.808,33,52,85,27,5,11,18,58,180,14.7,0.682,0.239,0.477,8,12.2,10.2,8.3,0.5,2,12,14.4,1.1,0.2,1.4,0.14,-0.6,-1.3,-1.9,0,1836090
Rudy Gobert,C,29,UTA,66,66,2120,362,508,0.713,0,4,0,362,504,0.718,0.713,303,439,0.69,241,727,968,72,45,137,119,176,1027,24.7,0.732,0.008,0.864,12.9,36.3,25,5.1,1,5.7,14.5,16.9,7.3,4.3,11.7,0.264,2.9,1.7,4.6,3.6,38172414
Aaron Gordon,PF,26,DEN,75,75,2376,434,834,0.52,87,260,0.335,347,574,0.605,0.573,171,230,0.743,125,314,439,188,44,44,133,148,1126,15.3,0.602,0.312,0.276,6.1,14.3,10.3,11.6,0.9,1.7,12.5,19.7,3.2,2,5.2,0.105,0.5,-1.1,-0.6,0.9,19690909
Eric Gordon,SG,33,HOU,57,46,1669,268,564,0.475,124,301,0.412,144,263,0.548,0.585,105,135,0.778,15,98,113,154,28,18,107,63,765,12.1,0.614,0.534,0.239,1,6.5,3.7,14.1,0.8,1,14.6,18.6,1.5,-0.1,1.4,0.04,-0.1,-2.2,-2.3,-0.1,19568360
Devonte' Graham,PG,26,NOP,76,63,2162,296,815,0.363,192,563,0.341,104,252,0.413,0.481,118,140,0.843,37,140,177,316,71,12,105,95,902,12.1,0.514,0.691,0.172,1.9,7.3,4.5,21,1.6,0.5,10.7,19.5,1.6,1.2,2.8,0.062,0.2,-1.2,-1,0.5,11550000
Jerami Grant,PF,27,DET,47,47,1500,298,699,0.426,91,254,0.358,207,445,0.465,0.491,217,259,0.838,28,163,191,111,44,49,85,107,904,16.1,0.556,0.363,0.371,1.9,12.4,6.9,12.5,1.4,2.9,9.5,25.7,1.2,1.1,2.3,0.075,1.4,-0.2,1.2,1.2,20955000
Danny Green,SF,34,PHI,62,28,1353,126,320,0.394,103,271,0.38,23,49,0.469,0.555,11,14,0.786,32,125,157,64,60,37,45,105,366,9.5,0.561,0.847,0.044,2.7,10.1,6.5,6.5,2.2,2.5,12.1,12.3,0.3,1.6,1.9,0.067,-1.4,0.8,-0.5,0.5,10000000
Draymond Green,PF,31,GSW,46,44,1329,135,257,0.525,16,54,0.296,119,203,0.586,0.556,60,91,0.659,45,291,336,320,61,50,139,136,346,14.3,0.582,0.21,0.354,3.8,23.2,13.8,32.5,2.2,3.6,31.9,14.3,0.8,2.8,3.6,0.131,-1.4,4.6,3.2,1.8,25806468
Jalen Green,SG,19,HOU,67,67,2138,406,954,0.426,157,458,0.343,249,496,0.502,0.508,188,236,0.797,33,193,226,176,44,18,135,103,1157,12.5,0.547,0.48,0.247,1.7,10,5.8,13.1,1,0.8,11.3,23.7,0.5,0.2,0.7,0.015,-0.5,-2.4,-2.9,-0.5,9441840
JaMychal Green,PF,31,DEN,67,8,1085,159,327,0.486,33,124,0.266,126,203,0.621,0.537,81,93,0.871,81,200,281,59,43,26,57,158,432,14.1,0.587,0.379,0.284,8.6,19.9,14.5,7.6,1.9,2.2,13.4,17.2,1.2,1.4,2.7,0.118,-2,0.1,-1.8,0,10036090
Javonte Green,SF,28,CHI,65,45,1519,176,325,0.542,36,101,0.356,140,224,0.625,0.597,80,96,0.833,91,185,276,60,67,32,30,132,468,14,0.637,0.311,0.295,6.8,13.6,10.2,5.3,2.2,1.8,7.6,11.5,2.9,1.5,4.4,0.139,-0.6,0.7,0.1,0.8,1815677
Jeff Green,PF,35,DEN,75,63,1849,277,529,0.524,53,168,0.315,224,361,0.62,0.574,165,198,0.833,41,190,231,96,28,27,71,151,772,12.5,0.627,0.318,0.374,2.6,11.1,7,7.3,0.7,1.3,10.3,16.3,2.7,1.2,3.9,0.101,-1.2,-1.3,-2.5,-0.2,4500000
Josh Green,SG,21,DAL,67,3,1039,130,256,0.508,28,78,0.359,102,178,0.573,0.563,31,45,0.689,52,109,161,79,45,14,44,115,319,11.9,0.578,0.305,0.176,5.6,11.7,8.6,11,2.2,1.2,13.8,13.9,1,1.4,2.4,0.111,-2.4,1.4,-1,0.3,3098400
Quentin Grimes,SG,21,NYK,46,6,786,95,235,0.404,72,189,0.381,23,46,0.5,0.557,13,19,0.684,24,70,94,44,31,11,28,72,275,10.7,0.565,0.804,0.081,3.2,9.8,6.4,8.5,2,1.4,10.3,15.1,0.6,0.9,1.4,0.087,-1.2,0.9,-0.3,0.3,2277000
Rui Hachimura,PF,23,WAS,42,13,943,187,381,0.491,55,123,0.447,132,258,0.512,0.563,46,66,0.697,25,135,160,48,23,9,33,53,475,14.9,0.579,0.323,0.173,3,15.6,9.4,7.9,1.2,0.8,7.4,20.9,0.9,0.6,1.4,0.073,0.2,-1.7,-1.4,0.1,6263188
Tyrese Haliburton,SG,21,TOT,77,77,2695,430,909,0.473,161,389,0.414,269,520,0.517,0.562,160,190,0.842,61,250,311,628,134,49,199,121,1181,18.2,0.595,0.428,0.209,2.5,10.3,6.3,34.1,2.4,1.6,16.7,19,5.2,1.8,7,0.125,2.7,-0.1,2.6,3.1,4215120
Tyler Hall,SG,24,NYK,1,0,2,0,0,0,0,0,0,0,0,0,0,0,0,0,0,0,0,0,0,0,0,0,0,0,0,0,0,0,0,0,0,0,0,0,0,0,0,0,0.007,-8.1,-0.5,-8.5,0,1637966
R.J. Hampton,SG,20,ORL,64,14,1402,175,457,0.383,64,183,0.35,111,274,0.405,0.453,75,117,0.641,23,171,194,158,42,13,87,101,489,8.5,0.481,0.4,0.256,1.7,12.9,7.3,16.9,1.4,0.8,14.6,18.4,-1.3,1.1,-0.2,-0.005,-4,-0.1,-4.1,-0.7,2412840
Tim Hardaway Jr.,SG,29,DAL,42,20,1245,209,530,0.394,102,304,0.336,107,226,0.473,0.491,78,103,0.757,13,143,156,92,38,6,34,74,598,12.7,0.52,0.574,0.194,1.2,12.8,7,11.4,1.5,0.4,5.6,22,0.5,1.5,2,0.077,-0.4,0.2,-0.2,0.6,19602273
James Harden,PG,32,TOT,65,65,2419,407,992,0.41,148,448,0.33,259,544,0.476,0.485,470,536,0.877,55,445,500,667,82,36,284,153,1432,20.9,0.583,0.452,0.54,2.6,19.7,11.3,40.3,1.7,1.3,18.8,27.2,4.9,2.7,7.6,0.152,3.7,0.3,4,3.7,33000000
Maurice Harkless,SF,28,SAC,47,24,863,83,181,0.459,31,101,0.307,52,80,0.65,0.544,20,28,0.714,12,100,112,23,29,24,31,77,217,7.7,0.561,0.558,0.155,1.5,12.7,7.1,3.6,1.6,2.4,13.8,11.2,-0.1,0.6,0.5,0.026,-3.7,0.4,-3.3,-0.3,4564980
Gary Harris,SG,27,ORL,61,30,1730,240,553,0.434,116,302,0.384,124,251,0.494,0.539,83,95,0.874,36,86,122,108,59,9,61,112,679,10.9,0.571,0.546,0.172,2.2,5.3,3.7,9.5,1.6,0.5,9.3,16.4,1.1,1,2.2,0.06,-2,-0.4,-2.4,-0.2,13000000
Joe Harris,SF,30,BRK,14,14,423,56,124,0.452,41,88,0.466,15,36,0.417,0.617,5,6,0.833,5,51,56,14,7,2,16,31,158,9.6,0.624,0.71,0.048,1.3,12.8,7.2,4.5,0.8,0.4,11.2,14.5,0.3,0.2,0.5,0.06,-0.9,-0.5,-1.4,0.1,18642857
Tobias Harris,PF,29,PHI,73,73,2543,493,1022,0.482,101,275,0.367,392,747,0.525,0.532,170,202,0.842,77,419,496,252,47,43,116,164,1257,15.9,0.566,0.269,0.198,3.4,18.1,10.9,15.9,0.9,1.5,9.5,21.7,3,2.6,5.6,0.105,0.6,-0.6,0,1.3,37633050
Josh Hart,SG,26,TOT,54,53,1791,287,569,0.504,73,213,0.343,214,356,0.601,0.569,160,211,0.758,62,326,388,224,61,13,114,150,807,16.1,0.61,0.374,0.371,3.7,20.7,12,18.9,1.7,0.7,14.7,18.6,2.8,1.5,4.4,0.117,0.5,0.5,0.9,1.3,12960000
Isaiah Hartenstein,C,23,LAC,68,0,1216,229,366,0.626,14,30,0.467,215,336,0.64,0.645,91,132,0.689,117,215,332,160,50,77,84,167,563,22,0.664,0.082,0.361,10.5,18.2,14.5,20.5,2,5.4,16.5,18.4,3.3,2.2,5.5,0.215,1.4,3.1,4.5,2,7804879
Sam Hauser,SF,24,BOS,26,0,158,23,50,0.46,19,44,0.432,4,6,0.667,0.65,0,0,0,5,24,29,10,1,2,2,7,65,14.8,0.65,0.88,0,3.5,16,9.9,9.1,0.3,1.2,3.8,14.5,0.4,0.2,0.6,0.171,2.7,-0.3,2.3,0.2,1637966
Jaxson Hayes,C,21,NOP,70,28,1398,245,398,0.616,20,57,0.351,225,341,0.66,0.641,144,188,0.766,115,200,315,43,33,55,54,155,654,18.5,0.68,0.143,0.472,8.9,16.2,12.5,4.7,1.2,3.8,10.1,16.4,3.7,1.3,5.1,0.174,0.6,-0.3,0.2,0.8,6803012
Killian Hayes,PG,20,DET,66,40,1647,176,459,0.383,44,167,0.263,132,292,0.452,0.431,57,74,0.77,36,174,210,277,78,35,111,183,453,9.3,0.461,0.364,0.161,2.2,12,6.9,24.6,2.3,1.9,18.4,15.7,-1,1.5,0.5,0.014,-4.3,0.8,-3.5,-0.6,5837760
Gordon Hayward,SF,31,CHO,49,48,1564,283,617,0.459,86,220,0.391,197,397,0.496,0.528,126,149,0.846,38,186,224,177,47,22,81,85,778,15.1,0.57,0.357,0.241,2.5,12.8,7.6,16.1,1.4,1.3,10.6,20.7,1.9,1,2.8,0.087,0.1,-0.8,-0.7,0.5,30075000
Juancho Hernangómez,PF,26,TOT,40,9,445,44,106,0.415,24,69,0.348,20,37,0.541,0.528,19,34,0.559,28,72,100,20,14,10,16,25,131,11.5,0.542,0.651,0.321,7,17.1,12.2,6,1.6,2,11.7,13.4,0.3,0.6,0.9,0.095,-0.7,0.1,-0.6,0.2,1836090
Willy Hernangómez,C,27,NOP,50,8,839,170,327,0.52,4,12,0.333,166,315,0.527,0.526,109,141,0.773,143,195,338,63,21,19,51,97,453,22.2,0.582,0.037,0.431,18.5,26.3,22.3,11.9,1.2,2.2,11.6,22.5,2.2,0.9,3.2,0.18,1.8,-1.5,0.2,0.5,2443581
Tyler Herro,SG,22,MIA,66,10,2151,501,1122,0.447,175,439,0.399,326,683,0.477,0.525,190,219,0.868,32,297,329,263,44,8,174,95,1367,16.2,0.561,0.391,0.195,1.7,15.4,8.7,20.9,1,0.4,12.5,28.8,1.3,2.4,3.8,0.084,1.6,-0.9,0.7,1.5,5722116
Buddy Hield,SG,29,TOT,81,32,2499,446,1098,0.406,262,716,0.366,184,382,0.482,0.526,111,127,0.874,66,287,353,229,73,25,153,184,1265,12.9,0.548,0.652,0.116,2.9,12.8,7.8,13.8,1.4,0.9,11.7,22.4,0.8,1.1,1.9,0.036,0.5,-1.7,-1.2,0.5,21177750
Haywood Highsmith,SF,25,MIA,19,1,163,16,46,0.348,9,28,0.321,7,18,0.389,0.446,2,5,0.4,10,16,26,6,2,3,3,13,43,7,0.446,0.609,0.109,7.1,10.9,9,5.1,0.6,1.9,5.9,14,0,0.2,0.1,0.041,-3.3,-1.3,-4.6,-0.1,1752638
George Hill,PG,35,MIL,54,17,1253,118,275,0.429,41,134,0.306,77,141,0.546,0.504,57,62,0.919,38,117,155,120,42,6,41,70,334,10.2,0.552,0.487,0.225,3.3,9.7,6.6,12.4,1.6,0.5,11.9,11.7,1.3,1,2.3,0.087,-2.2,0.6,-1.6,0.1,4000000
Aaron Holiday,PG,25,TOT,63,15,1021,151,338,0.447,39,103,0.379,112,235,0.477,0.504,59,68,0.868,24,98,122,153,42,9,67,92,400,12.6,0.544,0.305,0.201,2.6,10.3,6.5,20.7,2,0.7,15.4,18.7,0.5,0.9,1.5,0.068,-1.9,0.3,-1.7,0.1,1836090
Jrue Holiday,PG,31,MIL,67,64,2207,478,954,0.501,132,321,0.411,346,633,0.547,0.57,137,180,0.761,69,232,301,457,108,29,183,133,1225,19.8,0.593,0.336,0.189,3.4,10.9,7.2,31.8,2.4,1.3,15,23.5,4.5,2.4,6.9,0.15,2.9,0.3,3.2,2.9,33665040
Justin Holiday,SF,32,TOT,74,65,2057,261,662,0.394,177,482,0.367,84,180,0.467,0.528,50,62,0.806,29,161,190,128,57,33,70,154,749,9.5,0.543,0.728,0.094,1.5,8.8,5.1,8.6,1.3,1.4,9.2,15.8,0.8,0.6,1.4,0.033,-1.4,-0.8,-2.2,-0.1,6292440
Richaun Holmes,C,28,SAC,45,37,1074,198,300,0.66,2,5,0.4,196,295,0.664,0.663,70,90,0.778,93,224,317,48,17,41,56,128,468,17.8,0.689,0.017,0.3,9.3,22.9,16.1,6.8,0.8,3.3,14.2,15.8,2.4,0.9,3.2,0.145,-0.4,-0.1,-0.5,0.4,11215260
Al Horford,C,35,BOS,69,69,2005,266,569,0.467,89,265,0.336,177,304,0.582,0.546,80,95,0.842,108,422,530,232,49,92,65,130,701,16.7,0.574,0.466,0.167,6,22.2,14.3,16.4,1.2,4.2,9.6,14.8,3.7,3.8,7.6,0.181,1.4,2.9,4.3,3.2,26500000
Talen Horton-Tucker,SG,21,LAL,60,19,1511,224,538,0.416,49,182,0.269,175,356,0.492,0.462,100,125,0.8,37,156,193,159,59,29,82,148,597,11,0.503,0.338,0.232,2.6,11.1,6.9,14.9,1.9,1.7,12.1,19.2,-0.2,1.2,1.1,0.033,-3.2,-0.2,-3.3,-0.5,10260000
Danuel House Jr.,SF,28,TOT,42,7,727,80,198,0.404,44,117,0.376,36,81,0.444,0.515,44,58,0.759,18,93,111,44,21,17,33,51,248,10.6,0.555,0.591,0.293,2.8,13.8,8.4,8.4,1.4,2.1,12.9,15.2,0.4,0.7,1,0.068,-1.3,0.2,-1.1,0.2,4105000
Kevin Huerter,SF,23,ATL,74,60,2188,345,760,0.454,160,411,0.389,185,349,0.53,0.559,42,52,0.808,32,222,254,203,55,26,91,185,892,11.9,0.57,0.541,0.068,1.6,11,6.4,13.2,1.2,1.1,10.4,17.5,1.8,1,2.8,0.062,-0.5,-0.7,-1.2,0.4,14508929
Jay Huff,C,23,LAL,4,0,20,0,3,0,0,2,0,0,1,0,0,0,0,0,1,3,4,1,1,1,1,1,0,0.6,0,0.667,0,5.4,16.1,10.8,5.9,2.4,4.5,25,8.6,-0.1,0,0,-0.117,-8.3,0.9,-7.4,0,1637966
De'Andre Hunter,SF,24,ATL,53,52,1577,254,575,0.442,74,195,0.379,180,380,0.474,0.506,127,166,0.765,26,150,176,68,36,21,69,155,709,10.6,0.547,0.339,0.289,1.8,10.4,6.1,6.1,1.1,1.2,9.6,19.9,0.4,0.7,1.1,0.034,-2.4,-1.5,-3.9,-0.8,9835881
Bones Hyland,SG,21,DEN,69,4,1310,230,571,0.403,131,358,0.366,99,213,0.465,0.518,107,125,0.856,14,174,188,191,41,20,86,153,698,14.4,0.558,0.627,0.219,1.2,14.4,8,21.2,1.5,1.4,12.1,23.8,1.1,1.3,2.4,0.088,0.3,-0.7,-0.4,0.5,2201520
Serge Ibaka,C,32,TOT,54,12,877,148,296,0.5,37,99,0.374,111,197,0.563,0.563,32,44,0.727,62,188,250,49,11,33,43,102,365,14.4,0.579,0.334,0.149,7.7,22.2,15.1,8.4,0.6,3.3,12,17.8,0.8,1.1,2,0.108,-1.3,-0.2,-1.5,0.1,1836090
Joe Ingles,SF,34,UTA,45,15,1122,115,285,0.404,78,225,0.347,37,60,0.617,0.54,17,22,0.773,12,119,131,158,23,5,46,82,325,10,0.551,0.789,0.077,1.2,11.2,6.4,19,1,0.4,13.5,13.2,1.3,0.9,2.2,0.094,-0.7,0.5,-0.3,0.5,6479000
Brandon Ingram,SF,24,NOP,55,55,1869,453,983,0.461,74,226,0.327,379,757,0.501,0.498,266,322,0.826,35,285,320,307,34,26,151,119,1246,18.7,0.554,0.23,0.328,2,17.3,9.5,27.8,0.9,1.3,11.8,29.3,2.5,1.3,3.9,0.099,2.6,-0.6,2,1.9,31650600
Kyrie Irving,PG,29,BRK,29,29,1091,289,616,0.469,100,239,0.418,189,377,0.501,0.55,118,129,0.915,16,111,127,167,41,17,73,81,796,21.4,0.592,0.388,0.209,1.6,10.8,6.3,25.2,1.8,1.4,9.8,29.4,2.4,0.9,3.3,0.147,4.2,-1.2,3,1.4,36934550
Isaiah Jackson,PF,20,IND,36,15,541,116,206,0.563,5,16,0.313,111,190,0.584,0.575,60,88,0.682,60,89,149,10,25,52,40,92,297,20.5,0.607,0.078,0.427,12.2,18.7,15.4,2.9,2.3,8.4,14,22.5,0.7,0.7,1.4,0.126,-1.6,0.1,-1.5,0.1,2573760
Jaren Jackson Jr.,PF,22,MEM,78,78,2126,430,1036,0.415,128,401,0.319,302,635,0.476,0.477,284,345,0.823,119,335,454,86,73,177,130,272,1272,17,0.535,0.387,0.333,5.7,16.9,11.2,5.8,1.6,7.4,9.9,25.4,1.7,3.7,5.4,0.121,-0.9,0.8,-0.1,1,28946605
Reggie Jackson,SG,31,LAC,75,75,2337,479,1222,0.392,167,512,0.326,312,710,0.439,0.46,138,163,0.847,39,232,271,359,55,15,173,159,1263,12.1,0.488,0.419,0.133,1.8,10.2,6.1,24.6,1.2,0.5,11.8,27.6,-1.7,2,0.4,0.008,-1.4,-1.6,-3,-0.6,11215260
LeBron James,PF,37,LAL,56,56,2084,640,1221,0.524,161,448,0.359,479,773,0.62,0.59,254,336,0.756,63,396,459,349,73,59,196,121,1695,26.2,0.619,0.367,0.275,3.3,20.4,11.8,30.6,1.7,2.5,12.5,32.3,5.2,2.3,7.5,0.172,6.9,0.8,7.7,5.1,44474988
Ty Jerome,SG,24,OKC,48,4,801,124,328,0.378,54,186,0.29,70,142,0.493,0.46,38,47,0.809,19,59,78,109,30,5,37,73,340,11.3,0.488,0.567,0.143,2.4,7.7,5,21.3,1.8,0.6,9.6,20.8,0,0.5,0.5,0.032,-2.2,-0.2,-2.3,-0.1,4220057
Isaiah Joe,SG,22,PHI,55,1,609,62,177,0.35,45,135,0.333,17,42,0.405,0.477,29,31,0.935,6,50,56,35,14,3,19,47,198,7.7,0.519,0.763,0.175,1.1,9,5.1,8.1,1.1,0.4,9.1,15.5,0,0.4,0.4,0.035,-3.1,-1.5,-4.6,-0.4,1782621
Cameron Johnson,PF,25,PHO,66,16,1730,279,607,0.46,166,391,0.425,113,216,0.523,0.596,98,114,0.86,42,231,273,99,57,16,47,113,822,15.2,0.625,0.644,0.188,2.7,14,8.5,7.7,1.6,0.8,6.7,17.5,3.2,2.4,5.6,0.156,2,0.7,2.7,2.1,5887899
Jalen Johnson,PF,20,ATL,22,0,120,22,41,0.537,3,13,0.231,19,28,0.679,0.573,5,7,0.714,2,24,26,3,3,2,9,9,52,11.3,0.59,0.317,0.171,1.8,21.8,11.9,3.7,1.2,1.5,17,19.3,-0.1,0.1,0,0.013,-3.9,-1.1,-4.9,-0.1,2792640
Keldon Johnson,SF,22,SAS,75,74,2392,471,1011,0.466,159,399,0.398,312,612,0.51,0.545,177,234,0.756,80,377,457,158,58,14,92,148,1278,15.2,0.574,0.395,0.231,3.5,16.7,10,9.5,1.2,0.5,7.6,21.3,2.9,2,4.9,0.098,0.7,-1.2,-0.5,0.9,3873025
Keon Johnson,SG,19,TOT,37,12,697,96,272,0.353,34,100,0.34,62,172,0.36,0.415,41,51,0.804,24,57,81,76,28,12,46,69,267,8.7,0.453,0.368,0.188,3.7,9.1,6.3,16.3,2,1.7,13.5,21.2,-0.8,0.4,-0.5,-0.031,-4,-2,-5.9,-0.7,2681040
Stanley Johnson,PF,25,LAL,48,27,1094,117,251,0.466,33,105,0.314,84,146,0.575,0.532,53,74,0.716,34,121,155,80,43,14,35,109,320,10.5,0.564,0.418,0.295,3.4,11.9,7.6,9.8,1.9,1.1,11,12.5,0.9,0.9,1.8,0.079,-2.8,0.1,-2.7,-0.2,2351521
Nikola Jokić,C,26,DEN,74,74,2476,764,1311,0.583,97,288,0.337,667,1023,0.652,0.62,379,468,0.81,206,813,1019,584,109,63,281,191,2004,32.8,0.661,0.22,0.357,9.6,35.5,23,42.6,2.2,2.3,15.6,31.9,10.8,4.5,15.2,0.296,9.2,4.5,13.7,9.8,33047803
Carlik Jones,PG,24,TOT,5,0,23,1,9,0.111,0,1,0,1,8,0.125,0.111,2,2,1,1,2,3,5,1,0,3,0,4,-1.8,0.202,0.111,0.222,4.8,9.7,7.3,26.7,2.2,0,23.3,25.1,-0.2,0,-0.1,-0.285,-11.3,-4.2,-15.5,-0.1,1637966
Damian Jones,C,26,SAC,56,15,1017,175,266,0.658,10,29,0.345,165,237,0.696,0.677,94,131,0.718,75,171,246,69,26,47,59,130,454,18.3,0.701,0.109,0.492,7.9,18.5,13.2,10.2,1.2,4,15.4,16.2,2.4,0.9,3.3,0.156,-0.2,0.5,0.3,0.6,2298385
Derrick Jones Jr.,PF,24,CHI,51,8,899,105,195,0.538,20,61,0.328,85,134,0.634,0.59,56,70,0.8,60,109,169,30,25,33,30,105,286,13,0.633,0.313,0.359,7.6,13.6,10.6,4.4,1.4,3.2,11.7,12.5,1.4,0.8,2.2,0.119,-1.5,0.5,-0.9,0.2,3200000
Herbert Jones,PF,23,NOP,78,69,2335,274,576,0.476,57,169,0.337,217,407,0.533,0.525,137,163,0.84,98,198,296,167,130,60,100,238,742,12.3,0.573,0.293,0.283,4.5,9.6,7,10,2.7,2.5,13.4,13.7,2.1,2.5,4.6,0.096,-2,1.5,-0.5,0.9,1785000
Kai Jones,C,21,CHO,21,0,63,9,14,0.643,1,2,0.5,8,12,0.667,0.679,3,8,0.375,3,8,11,4,1,2,6,8,22,9.2,0.628,0.143,0.571,5,13.7,9.2,8.6,0.8,3,25.5,15.9,0,0,0,0.009,-5.2,-1.4,-6.6,-0.1,2909040
Tre Jones,PG,22,SAS,69,11,1148,166,339,0.49,10,51,0.196,156,288,0.542,0.504,71,91,0.78,29,126,155,233,42,7,46,78,413,15,0.545,0.15,0.268,2.6,11.6,7.1,27,1.8,0.5,10.8,15.6,1.9,0.9,2.9,0.121,-0.9,0.4,-0.5,0.4,1782621
Tyus Jones,PG,25,MEM,73,23,1549,249,552,0.451,80,205,0.39,169,347,0.487,0.524,54,66,0.818,17,159,176,324,66,2,46,32,632,16.5,0.544,0.371,0.12,1.1,11,5.9,28.2,2,0.1,7.3,16.6,3.4,1.6,5.1,0.158,1.2,0.5,1.7,1.4,15000000
DeAndre Jordan,C,33,TOT,48,20,622,92,143,0.643,0,0,0,92,143,0.643,0.643,22,40,0.55,83,181,264,21,12,35,37,71,206,17.2,0.641,0,0.28,14.7,31.4,23.1,4.9,0.9,5,18.7,13.9,0.9,1,1.9,0.145,-1.5,0.1,-1.4,0.1,9663997
Cory Joseph,PG,30,DET,65,39,1600,178,400,0.445,65,157,0.414,113,243,0.465,0.526,100,113,0.885,29,145,174,237,42,17,85,147,521,11.4,0.579,0.393,0.283,1.9,10.3,5.9,21.8,1.3,1,15.9,14.3,1.7,0.8,2.5,0.075,-2,-0.1,-2.1,0,5155500
Frank Kaminsky,C,28,PHO,9,0,181,36,66,0.545,5,15,0.333,31,51,0.608,0.583,18,20,0.9,11,30,41,13,8,7,5,14,95,21.3,0.635,0.227,0.303,6.7,17.3,12.1,10.1,2.1,3.4,6.3,19,0.5,0.3,0.9,0.228,2.4,2.5,4.9,0.3,1836090
Luke Kennard,SG,25,LAC,70,13,1919,287,639,0.449,190,423,0.449,97,216,0.449,0.598,69,77,0.896,20,209,229,146,42,6,60,101,833,13.3,0.619,0.662,0.121,1.1,11.2,6.3,11.2,1.1,0.3,8.2,16.8,2.8,1.7,4.5,0.113,0.8,-0.3,0.5,1.2,14415545
Corey Kispert,SF,22,WAS,77,36,1801,234,514,0.455,112,320,0.35,122,194,0.629,0.564,54,62,0.871,53,156,209,85,35,22,50,93,634,10.9,0.586,0.623,0.121,3.3,9.4,6.4,6.7,1,1,8.5,14.6,1.6,0.7,2.3,0.061,-0.8,-1.5,-2.3,-0.1,3552840
Maxi Kleber,PF,30,DAL,59,21,1450,141,354,0.398,83,255,0.325,58,99,0.586,0.516,46,65,0.708,70,280,350,68,30,58,47,137,411,11,0.537,0.72,0.184,5.4,21.5,13.4,6.5,1,3.6,10.9,13.3,0.7,2.3,3,0.098,-1.6,1.2,-0.4,0.6,9000000
Nathan Knight,PF,24,MIN,37,2,267,45,88,0.511,4,13,0.308,41,75,0.547,0.534,44,60,0.733,32,53,85,22,7,8,18,42,138,18.7,0.603,0.148,0.682,12.5,21.8,17.1,11.9,1.2,2.9,13.6,20.7,0.6,0.3,1,0.171,-0.7,0.1,-0.6,0.1,1836090
Kevin Knox,SF,22,TOT,30,0,222,31,85,0.365,15,54,0.278,16,31,0.516,0.453,16,22,0.727,14,30,44,10,4,2,7,19,93,10.9,0.491,0.635,0.259,6.8,14.8,10.7,6.5,0.9,0.8,6.9,20,0.1,0.2,0.2,0.047,-1.9,-2.2,-4.1,-0.1,3000000
John Konchar,SG,25,MEM,72,7,1292,135,262,0.515,52,126,0.413,83,136,0.61,0.615,27,49,0.551,87,242,329,109,45,22,29,90,349,14,0.615,0.481,0.187,6.9,20.1,13.3,10.6,1.7,1.5,9.3,9.9,2.4,1.8,4.2,0.155,0.2,1.3,1.5,1.2,2300000
Furkan Korkmaz,SG,24,PHI,67,19,1414,182,470,0.387,77,266,0.289,105,204,0.515,0.469,68,84,0.81,22,153,175,127,33,9,48,58,509,10.2,0.502,0.566,0.179,1.8,11.9,6.9,13.1,1.2,0.6,8.6,17.6,0.1,1.1,1.2,0.041,-2,-1.1,-3.1,-0.4,5000000
Luke Kornet,C,26,TOT,15,0,103,13,27,0.481,0,5,0,13,22,0.591,0.481,4,6,0.667,13,16,29,9,3,3,0,9,30,16.6,0.506,0.185,0.222,14,16.4,15.2,12.4,1.4,2.6,0,12.7,0.2,0.2,0.4,0.194,-0.9,0.4,-0.5,0,2133278
Vit Krejci,SG,21,OKC,30,8,690,68,167,0.407,32,98,0.327,36,69,0.522,0.503,19,22,0.864,18,83,101,57,19,8,29,65,187,8.5,0.529,0.587,0.132,2.6,12.6,7.5,11.9,1.3,1.1,14.1,12.9,0.1,0.5,0.6,0.042,-4.3,-1,-5.3,-0.6,1563518
Jonathan Kuminga,SF,19,GSW,70,12,1185,236,460,0.513,50,149,0.336,186,311,0.598,0.567,130,190,0.684,54,180,234,64,31,22,74,146,652,15.2,0.6,0.324,0.413,5.1,16.1,10.8,8.4,1.3,1.8,12,22.7,1.3,1.8,3,0.123,-1.3,-0.2,-1.5,0.1,5739840
Kyle Kuzma,PF,26,WAS,66,66,2204,423,936,0.452,128,375,0.341,295,561,0.526,0.52,156,219,0.712,70,491,561,233,42,57,169,128,1130,15.2,0.547,0.401,0.234,3.6,24.3,14.1,16.3,0.9,2.2,14.1,24.2,0,2,2,0.044,0.2,-0.4,-0.2,1,13000000
Jock Landale,C,26,SAS,54,1,589,101,204,0.495,29,89,0.326,72,115,0.626,0.566,34,41,0.829,63,75,138,45,10,14,31,53,265,16,0.597,0.436,0.201,11.1,13.5,12.3,10.6,0.8,2,12.3,18.1,1,0.4,1.5,0.121,0.7,-1.1,-0.4,0.2,1563518
Romeo Langford,SG,22,TOT,48,5,771,83,191,0.435,29,85,0.341,54,106,0.509,0.51,23,42,0.548,30,78,108,21,22,16,16,47,218,9.2,0.52,0.445,0.22,4.3,10.7,7.6,3.7,1.4,1.9,7.1,12.9,0.3,1,1.3,0.082,-2.3,1,-1.4,0.1,5634257
Zach LaVine,SG,26,CHI,67,67,2328,565,1186,0.476,185,475,0.389,380,711,0.534,0.554,320,375,0.853,22,286,308,303,41,23,171,120,1635,20,0.605,0.401,0.316,1.1,13.8,7.4,20.8,0.9,0.9,11.2,28.8,4.5,1.3,5.8,0.12,3.9,-1.5,2.4,2.6,37096500
Damion Lee,SG,29,GSW,63,5,1256,169,383,0.441,63,187,0.337,106,196,0.541,0.523,66,75,0.88,27,176,203,63,39,6,38,95,467,10.9,0.561,0.488,0.196,2.4,14.9,8.8,7.1,1.5,0.5,8.4,15.8,0.9,1.8,2.7,0.102,-2.4,0.4,-2,0,1836090
Saben Lee,PG,22,DET,37,0,604,69,177,0.39,14,60,0.233,55,117,0.47,0.429,56,71,0.789,18,69,87,107,36,12,36,44,208,13.8,0.499,0.339,0.401,3.1,13,7.8,26.2,2.9,1.8,14.7,17.3,0.3,0.7,0.9,0.073,-1.9,1.5,-0.4,0.2,1752638
Alex Len,C,28,SAC,39,10,620,94,176,0.534,6,21,0.286,88,155,0.568,0.551,41,63,0.651,52,109,161,45,13,25,43,100,235,13.1,0.577,0.119,0.358,9,19.3,14.1,10.6,1,3.5,17.4,17.1,0.4,0.5,0.9,0.07,-3.2,0.3,-2.9,-0.1,3918600
Caris LeVert,SG,27,TOT,58,49,1781,379,854,0.444,82,256,0.32,297,598,0.497,0.492,146,193,0.756,43,171,214,248,51,23,108,131,986,15.1,0.525,0.3,0.226,2.7,10.7,6.7,22,1.4,1.1,10.3,25.4,1.2,1,2.2,0.059,0,-1.2,-1.2,0.4,18796296
Kira Lewis Jr.,PG,20,NOP,24,0,341,59,146,0.404,13,58,0.224,46,88,0.523,0.449,10,12,0.833,9,30,39,49,11,1,26,17,141,9.8,0.466,0.397,0.082,2.9,10,6.3,21.7,1.6,0.3,14.7,22.3,-0.3,0.2,-0.1,-0.017,-2.8,-1.2,-4,-0.2,4004280
Damian Lillard,PG,31,POR,29,29,1056,222,552,0.402,92,284,0.324,130,268,0.485,0.486,159,181,0.878,13,107,120,212,17,11,83,37,695,18.5,0.55,0.514,0.328,1.3,11.6,6.2,34,0.8,1,11.6,29.3,1.7,0.1,1.7,0.079,4,-2.7,1.3,0.9,42492492
Nassir Little,SF,21,POR,42,23,1088,145,315,0.46,51,154,0.331,94,161,0.584,0.541,69,94,0.734,58,178,236,54,25,36,40,82,410,13.5,0.575,0.489,0.298,5.7,18.7,11.9,7.4,1.1,3.3,10.1,15.8,1.2,0.6,1.7,0.076,-0.9,-0.6,-1.4,0.2,4171548
Isaiah Livers,SF,23,DET,19,5,383,41,90,0.456,27,64,0.422,14,26,0.538,0.606,12,14,0.857,15,42,57,21,13,7,15,37,121,11.1,0.629,0.711,0.156,4,12.5,8,8,1.7,1.6,13.5,12.4,0.4,0.3,0.7,0.085,-1.3,-0.2,-1.5,0,1563518
Kevon Looney,C,25,GSW,82,80,1732,208,364,0.571,0,1,0,208,363,0.573,0.571,75,125,0.6,208,388,596,165,50,52,67,215,491,15.7,0.586,0.003,0.343,13.5,23.8,18.8,13.2,1.4,2.9,13.8,12.2,3.5,3.2,6.8,0.187,-0.9,1.7,0.9,1.3,8000000
Brook Lopez,C,33,MIL,13,11,298,61,131,0.466,19,53,0.358,42,78,0.538,0.538,20,23,0.87,19,34,53,6,8,15,12,34,161,16,0.57,0.405,0.176,6.9,11.9,9.4,3,1.3,4.8,7.8,21.9,0.3,0.3,0.7,0.108,-0.7,-0.7,-1.3,0.1,13906976
Robin Lopez,C,33,ORL,36,9,612,110,199,0.553,2,6,0.333,108,193,0.56,0.558,32,54,0.593,68,58,126,54,2,18,44,67,254,13.7,0.57,0.03,0.271,11.7,10,10.9,14.4,0.2,2.7,16.5,18.9,0.5,0.3,0.8,0.064,-2.4,-1.4,-3.8,-0.3,1836090
Didi Louzada,SG,22,TOT,9,1,129,12,33,0.364,9,23,0.391,3,10,0.3,0.5,2,2,1,5,12,17,5,2,2,5,13,35,6.4,0.517,0.697,0.061,4.1,10.6,7.2,5.3,0.8,1.5,12.9,13,0,0,0,-0.005,-4.1,-3.4,-7.5,-0.2,268032
Kevin Love,C,33,CLE,74,4,1665,327,761,0.43,187,477,0.392,140,284,0.493,0.553,166,198,0.838,87,449,536,160,26,18,98,101,1007,19.6,0.594,0.627,0.26,5.9,29.2,17.8,15.3,0.8,1,10.4,25.1,3.2,2.5,5.7,0.164,4.4,0.1,4.5,2.7,28942830
Kyle Lowry,PG,35,MIA,63,63,2133,276,627,0.44,144,382,0.377,132,245,0.539,0.555,148,174,0.851,33,249,282,474,67,17,168,177,844,15,0.6,0.609,0.278,1.8,13,7.5,32.3,1.6,0.8,19.3,18.2,3.7,2.7,6.4,0.143,1.1,0.8,2,2.1,28333334
Trey Lyles,PF,26,TOT,75,23,1537,262,562,0.466,67,209,0.321,195,353,0.552,0.526,195,243,0.802,89,290,379,88,29,32,73,123,786,16.4,0.588,0.372,0.432,6,21.2,13.4,9,0.9,1.9,9.8,20.7,2.4,1.2,3.5,0.111,0.5,-0.8,-0.3,0.7,2625000
Théo Maledon,PG,20,OKC,51,7,908,119,317,0.375,44,150,0.293,75,167,0.449,0.445,79,100,0.79,20,111,131,111,31,11,65,67,361,10.6,0.5,0.473,0.315,2.2,12.8,7.4,18.5,1.7,1.1,15.3,20.3,-0.5,0.8,0.3,0.015,-3.7,-0.7,-4.4,-0.6,1900000
Terance Mann,SF,25,LAC,81,33,2317,334,690,0.484,76,208,0.365,258,482,0.535,0.539,128,164,0.78,104,321,425,209,55,21,84,178,872,13.4,0.572,0.301,0.238,4.9,14.3,9.7,13.1,1.2,0.8,9.9,16,3.1,2.4,5.5,0.113,-0.8,0.2,-0.6,0.8,1930681
Tre Mann,PG,20,OKC,60,26,1367,231,588,0.393,98,272,0.36,133,316,0.421,0.476,65,82,0.793,25,146,171,91,47,12,71,102,625,10.2,0.501,0.463,0.139,1.9,11.2,6.4,10.7,1.7,0.8,10.2,22,-1,1,0.1,0.002,-3.3,-1.1,-4.4,-0.8,3046200
Boban Marjanović,C,33,DAL,23,0,128,42,70,0.6,1,4,0.25,41,66,0.621,0.607,13,22,0.591,8,31,39,3,0,3,15,24,98,18.5,0.615,0.057,0.314,6.9,27,16.9,4.8,0,2.1,15.8,33.3,-0.1,0.2,0.1,0.045,-3.2,-1.2,-4.4,-0.1,3500000
Lauri Markkanen,SF,24,CLE,61,61,1878,313,703,0.445,136,380,0.358,177,323,0.548,0.542,138,159,0.868,59,286,345,81,45,30,54,130,900,14.7,0.582,0.541,0.226,3.5,16.5,10.2,6.6,1.2,1.4,6.5,19.5,2.7,2.3,5,0.127,0.4,-0.1,0.4,1.1,16475454
Naji Marshall,SF,24,NOP,55,4,735,109,269,0.405,21,105,0.2,88,164,0.537,0.444,74,93,0.796,38,104,142,62,33,8,46,69,313,12.3,0.505,0.39,0.346,5.6,16,10.7,12.3,2.2,1,12.9,20.8,0,0.7,0.8,0.05,-2.7,-0.5,-3.2,-0.2,1782621
Caleb Martin,SF,26,MIA,60,12,1372,208,410,0.507,64,155,0.413,144,255,0.565,0.585,71,93,0.763,70,160,230,64,58,30,52,104,551,14.8,0.611,0.378,0.227,5.9,13,9.5,7,2.1,2.3,10.3,16.3,1.9,2.1,4,0.139,0.1,0.9,1.1,1.1,6479000
Cody Martin,SF,26,CHO,71,11,1866,204,423,0.482,61,159,0.384,143,264,0.542,0.554,75,107,0.701,82,203,285,179,88,32,61,116,544,12.7,0.579,0.376,0.253,4.6,11.7,8.1,12.4,2.3,1.6,11.5,12.1,2.4,1.5,3.9,0.101,-1.2,0.7,-0.5,0.7,7000000
Kenyon Martin Jr.,SF,21,HOU,79,2,1656,279,523,0.533,60,168,0.357,219,355,0.617,0.591,78,123,0.634,80,217,297,101,34,40,60,113,696,14.3,0.603,0.321,0.235,5.3,14.5,9.9,9.4,1,2.2,9.4,16.3,2.3,0.6,2.9,0.084,0,-1.2,-1.2,0.4,1782621
Garrison Mathews,SG,25,HOU,65,33,1712,184,461,0.399,139,386,0.36,45,75,0.6,0.55,143,180,0.794,32,158,190,64,57,24,41,168,650,11,0.602,0.837,0.39,2,10.2,6.1,5.3,1.6,1.3,7.1,14.4,2.2,0.5,2.8,0.078,-1.3,-1,-2.3,-0.1,2000000
Wesley Matthews,SG,35,MIL,49,14,1002,87,220,0.395,53,157,0.338,34,63,0.54,0.516,22,28,0.786,30,62,92,36,23,8,18,87,249,6.9,0.536,0.714,0.127,3.2,6.4,4.9,4.6,1.1,0.8,7.2,10.7,0.6,0.6,1.2,0.056,-3,-0.3,-3.3,-0.3,1836090
Tyrese Maxey,PG,21,PHI,75,74,2650,483,995,0.485,132,309,0.427,351,686,0.512,0.552,213,246,0.866,26,214,240,321,55,32,88,156,1311,16.2,0.594,0.311,0.247,1.1,8.9,5.1,19.1,1,1.1,7.4,20.2,5.4,1.9,7.3,0.132,1.3,-0.7,0.6,1.8,2726880
Miles McBride,PG,21,NYK,40,2,372,32,108,0.296,17,68,0.25,15,40,0.375,0.375,8,12,0.667,4,38,42,41,14,1,5,45,89,6.1,0.393,0.63,0.111,1.1,11.2,6.1,15.9,1.9,0.3,4.2,13.9,-0.1,0.4,0.2,0.032,-5.5,1,-4.5,-0.2,1563518
Mac McClung,SG,23,TOT,2,0,25,3,6,0.5,1,3,0.333,2,3,0.667,0.583,1,1,1,0,3,3,1,1,1,3,5,8,5.2,0.621,0.5,0.167,0,12.9,6.5,5.2,1.9,3.6,31.8,16.3,0,0,0,-0.043,-8.4,-1.2,-9.6,0,1637966
CJ McCollum,SG,30,TOT,62,62,2145,536,1164,0.46,182,469,0.388,354,695,0.509,0.539,116,170,0.682,53,216,269,315,70,22,127,121,1370,18.3,0.553,0.403,0.146,2.6,11.5,6.9,26.1,1.6,1,9.3,27.5,2.6,1,3.6,0.081,3.2,-1.3,1.9,2.1,33333333
T.J. McConnell,PG,29,IND,27,8,652,100,208,0.481,10,33,0.303,90,175,0.514,0.505,19,23,0.826,20,70,90,131,29,10,29,53,229,15.1,0.525,0.159,0.111,3.4,12.2,7.7,28.7,2.2,1.3,11.7,16.2,1,0.4,1.3,0.098,-0.4,1.4,0.9,0.5,8100000
Jaden McDaniels,PF,21,MIN,70,31,1803,255,554,0.46,80,252,0.317,175,302,0.579,0.532,57,71,0.803,76,217,293,79,52,54,75,224,647,10.3,0.553,0.455,0.128,4.4,13.2,8.7,6.1,1.4,2.9,11.4,15.3,0.7,1.7,2.4,0.065,-2.9,-0.1,-2.9,-0.4,2161440
Jalen McDaniels,SF,24,CHO,55,2,895,123,254,0.484,41,108,0.38,82,146,0.562,0.565,53,72,0.736,37,133,170,58,26,22,36,93,340,12.7,0.595,0.425,0.283,4.3,16,10.1,8.7,1.4,2.3,11.2,15.3,1,0.7,1.7,0.093,-1.9,-0.4,-2.3,-0.1,1930681
Doug McDermott,PF,30,SAS,51,51,1223,215,465,0.462,108,256,0.422,107,209,0.512,0.578,40,51,0.784,18,97,115,64,13,6,43,79,578,11.4,0.593,0.551,0.11,1.5,8.4,4.9,7.3,0.5,0.4,8.1,18.3,1.1,0.5,1.6,0.062,-0.4,-2.1,-2.5,-0.1,13750000
JaVale McGee,C,34,PHO,74,17,1172,288,458,0.629,2,9,0.222,286,449,0.637,0.631,102,146,0.699,163,333,496,42,22,81,98,181,680,22.6,0.651,0.02,0.319,15.3,29.7,22.7,5.4,0.9,6.1,15.8,22.8,2.4,2.6,4.9,0.201,-0.1,0.9,0.8,0.8,5461219
Rodney McGruder,SG,30,DET,51,2,754,98,225,0.436,58,146,0.397,40,79,0.506,0.564,19,26,0.731,31,80,111,48,21,7,24,58,273,11.6,0.577,0.649,0.116,4.2,12.1,8,9.6,1.4,0.8,9.2,14.8,0.7,0.4,1.2,0.075,-0.7,-0.7,-1.4,0.1,1836090
Jordan McLaughlin,PG,25,MIN,62,3,902,88,200,0.44,27,85,0.318,61,115,0.53,0.508,30,40,0.75,22,72,94,180,57,10,38,54,233,13.4,0.535,0.425,0.2,2.6,8.8,5.6,26.1,3,1.1,14.9,11.8,1.3,1,2.3,0.123,-1.2,1.6,0.4,0.6,2160000
De'Anthony Melton,SG,23,MEM,73,15,1657,281,695,0.404,139,372,0.374,142,323,0.44,0.504,90,120,0.75,64,264,328,194,104,39,112,128,791,15.2,0.529,0.535,0.173,4,17.1,10.4,16,3,2.1,13,21.3,0.9,2.8,3.7,0.107,0.3,1.6,1.9,1.6,8250000
Sam Merrill,SG,25,MEM,6,0,58,8,24,0.333,7,23,0.304,1,1,1,0.479,2,4,0.5,1,6,7,4,0,0,2,3,25,7.5,0.485,0.958,0.167,1.8,11.1,6.3,9,0,0,7.2,19.6,0,0,0,0.029,-2.2,-3.4,-5.6,-0.1,1836090
Chimezie Metu,C,24,SAC,60,20,1279,203,449,0.452,57,186,0.306,146,263,0.555,0.516,71,91,0.78,34,301,335,60,51,32,61,93,534,13.4,0.546,0.414,0.203,2.9,25.9,14.3,6.9,1.9,2.2,11.1,18.5,0.1,1.4,1.5,0.056,-1.6,0.1,-1.5,0.2,1910860
Khris Middleton,SF,30,MIL,66,66,2141,452,1021,0.443,162,434,0.373,290,587,0.494,0.522,259,291,0.89,41,315,356,358,76,18,190,160,1325,18.1,0.577,0.425,0.285,2.1,15.3,8.8,25.5,1.7,0.8,14.2,26.7,3.2,2.2,5.3,0.119,1.9,-0.3,1.6,1.9,37948276
Patty Mills,SG,33,BRK,81,48,2346,324,794,0.408,227,568,0.4,97,226,0.429,0.551,48,59,0.814,18,138,156,183,51,17,73,112,923,10.4,0.563,0.715,0.074,0.9,6.2,3.6,10.6,1.1,0.6,8.2,16.4,1.9,0.9,2.8,0.058,-0.3,-1.4,-1.7,0.2,6479000
Shake Milton,SG,25,PHI,55,6,1179,173,403,0.429,43,133,0.323,130,270,0.481,0.483,61,73,0.836,30,112,142,139,28,17,44,99,450,11.9,0.517,0.33,0.181,2.9,10.4,6.7,17.6,1.2,1.3,9.2,18.3,0.7,1,1.7,0.069,-1.6,-0.6,-2.2,-0.1,1997718
Davion Mitchell,PG,23,SAC,75,19,2076,352,843,0.418,101,320,0.316,251,523,0.48,0.477,56,85,0.659,33,133,166,313,55,24,114,141,861,10.8,0.489,0.38,0.101,1.7,7,4.4,22.5,1.3,1,11.5,20.6,-0.5,0.6,0.1,0.003,-2.1,-1.7,-3.8,-0.9,4833600
Donovan Mitchell,SG,25,UTA,67,67,2266,617,1376,0.448,232,654,0.355,385,722,0.533,0.533,267,313,0.853,55,227,282,358,99,12,200,164,1733,21.6,0.572,0.475,0.227,2.7,10.6,6.8,27.7,2.2,0.5,11.7,32.9,4.7,2.5,7.2,0.152,4.6,-0.3,4.3,3.6,30351780
Evan Mobley,PF,20,CLE,69,69,2331,422,830,0.508,23,92,0.25,399,738,0.541,0.522,167,252,0.663,143,427,570,174,56,115,133,147,1034,16.1,0.549,0.111,0.304,6.9,19.8,13.5,11.6,1.2,4.4,12.4,20.4,1.5,3.7,5.2,0.107,-0.9,1.5,0.6,1.5,8478720
Malik Monk,SG,23,LAL,76,37,2139,391,826,0.473,173,442,0.391,218,384,0.568,0.578,93,117,0.795,37,219,256,218,61,29,122,138,1048,14.4,0.597,0.535,0.142,1.9,11,6.4,15.2,1.4,1.2,12.2,20.1,2.3,1.4,3.6,0.081,0.5,-1,-0.5,0.8,9472219
Moses Moody,SG,19,GSW,52,11,607,80,183,0.437,40,110,0.364,40,73,0.548,0.546,28,36,0.778,17,63,80,23,7,10,13,43,228,10.5,0.573,0.601,0.197,3.2,11,7.2,5.3,0.6,1.6,6.1,15.2,0.6,0.7,1.3,0.101,-1.4,-1.1,-2.5,-0.1,3740160
Xavier Moon,SG,27,LAC,10,0,137,25,51,0.49,5,14,0.357,20,37,0.541,0.539,3,5,0.6,2,12,14,24,7,3,6,9,58,16.2,0.545,0.275,0.098,1.6,9,5.4,27,2.5,1.9,10.1,19,0.2,0.2,0.3,0.121,-1.1,1,-0.1,0.1,1637966
Ja Morant,PG,22,MEM,57,57,1889,580,1177,0.493,88,256,0.344,492,921,0.534,0.53,316,415,0.761,77,248,325,384,66,22,196,86,1564,24.4,0.575,0.218,0.353,4.2,14.1,9,34.1,1.7,1,12.6,33.7,4.6,2.1,6.7,0.171,6.2,-0.1,6.1,3.9,12119440
Juwan Morgan,PF,24,TOT,2,0,31,2,3,0.667,1,2,0.5,1,1,1,0.833,0,0,0,2,2,4,1,0,0,0,3,5,8.3,0.833,0.667,0,6.6,7.4,7,4.2,0,0,0,4.1,0.1,0,0.1,0.124,-3.3,-3.9,-7.1,0,576230
Marcus Morris,PF,32,LAC,54,54,1564,300,691,0.434,101,275,0.367,199,416,0.478,0.507,129,148,0.872,26,213,239,113,28,18,69,115,830,13.7,0.549,0.398,0.214,1.8,14,8.1,11.3,0.9,1,8.4,23.2,0.9,1.5,2.4,0.074,-0.3,-1,-1.4,0.3,16372093
Monte Morris,PG,26,DEN,75,74,2239,374,773,0.484,124,314,0.395,250,459,0.545,0.564,73,84,0.869,27,199,226,333,56,14,78,92,945,14.7,0.583,0.406,0.109,1.4,9.6,5.6,21.4,1.2,0.6,8.8,17.4,3.9,1.5,5.4,0.116,0.8,-0.8,0,1.1,9125000
Trey Murphy III,SF,21,NOP,62,1,864,109,277,0.394,71,186,0.382,38,91,0.418,0.522,45,51,0.882,47,100,147,38,23,7,16,60,334,12.5,0.558,0.671,0.184,5.9,13.1,9.4,6.2,1.3,0.8,5.1,15.7,1.3,0.6,1.9,0.104,0.2,-1.4,-1.2,0.2,3206520
Dejounte Murray,PG,25,SAS,68,68,2366,573,1241,0.462,96,294,0.327,477,947,0.504,0.5,196,247,0.794,80,483,563,627,138,23,180,138,1438,22.3,0.533,0.237,0.199,3.5,21.6,12.5,40.6,2.8,0.8,11.8,27.3,3.9,3.4,7.3,0.149,3.7,1.7,5.4,4.4,16571120
Mike Muscala,C,30,OKC,43,0,592,113,248,0.456,70,163,0.429,43,85,0.506,0.597,48,57,0.842,21,108,129,22,18,26,14,58,344,19.7,0.63,0.657,0.23,3.6,19.1,11.2,6.2,1.5,4.1,4.9,20.9,1.4,0.7,2.1,0.17,3.8,1.2,5,1.1,3500000
Svi Mykhailiuk,SF,24,TOR,56,5,716,91,234,0.389,41,134,0.306,50,100,0.5,0.476,32,37,0.865,20,72,92,45,26,4,32,54,255,9.6,0.509,0.573,0.158,2.9,11.5,7,8.8,1.8,0.5,11.3,16.9,0.1,0.7,0.8,0.052,-2.7,-0.2,-2.9,-0.2,1878720
Larry Nance Jr.,C,29,TOT,46,11,1040,129,247,0.522,23,70,0.329,106,177,0.599,0.569,40,57,0.702,72,176,248,81,43,20,37,84,321,14.4,0.59,0.283,0.231,7.4,19.3,13.1,11.4,2,1.9,12,12.8,1.5,0.8,2.3,0.104,-0.4,0.3,-0.1,0.5,9672727
Aaron Nesmith,SF,22,BOS,52,3,574,72,182,0.396,31,115,0.27,41,67,0.612,0.481,21,26,0.808,15,74,89,22,20,5,31,70,196,7.3,0.507,0.632,0.143,2.9,13.6,8.4,5.4,1.7,0.8,13.8,17.2,-0.4,0.9,0.4,0.038,-4.9,0.7,-4.3,-0.3,3804360
Raul Neto,PG,29,WAS,70,19,1372,204,441,0.463,35,120,0.292,169,321,0.526,0.502,83,108,0.769,13,121,134,217,55,3,79,104,526,12.4,0.538,0.272,0.245,1.1,9.6,5.4,22.9,2,0.2,13.9,18.4,0.7,0.8,1.5,0.053,-2.5,-0.5,-2.9,-0.4,1836090
Georges Niang,PF,28,PHI,76,7,1736,246,563,0.437,156,387,0.403,90,176,0.511,0.575,52,59,0.881,25,178,203,102,30,13,59,190,700,10.7,0.594,0.687,0.105,1.6,11.3,6.5,8.7,0.9,0.7,9.1,16.8,1.5,1.3,2.8,0.077,-0.8,-1.1,-1.9,0,3465000
Daishen Nix,SG,19,HOU,24,0,261,27,67,0.403,7,26,0.269,20,41,0.488,0.455,16,30,0.533,7,26,33,40,15,0,26,21,77,8.1,0.48,0.388,0.448,2.9,11,6.9,21.5,2.7,0,24.5,17.3,-0.3,0.1,-0.2,-0.033,-5.4,-1,-6.4,-0.3,1563518
Zeke Nnaji,PF,21,DEN,41,1,698,96,186,0.516,37,80,0.463,59,106,0.557,0.616,41,65,0.631,56,91,147,17,16,13,23,79,270,13.5,0.629,0.43,0.349,9.3,14.1,11.8,3.4,1.1,1.7,9.7,14.9,1.2,0.6,1.8,0.123,-0.7,-1.6,-2.2,0,2617800
Nerlens Noel,C,27,NYK,25,11,562,32,60,0.533,0,3,0,32,57,0.561,0.533,21,30,0.7,48,93,141,23,30,31,20,67,85,11.8,0.581,0.05,0.5,9,18.1,13.5,5.7,2.7,5.4,21.5,7.3,0.4,1,1.5,0.128,-3.1,3.3,0.3,0.3,9240000
Jaylen Nowell,SG,22,MIN,62,1,975,196,413,0.475,63,160,0.394,133,253,0.526,0.551,72,92,0.783,22,101,123,130,27,10,36,73,527,16.8,0.581,0.387,0.223,2.4,11.4,6.8,20.2,1.3,1,7.4,21,2.1,0.7,2.8,0.138,1.5,-0.7,0.8,0.7,1930681
Frank Ntilikina,SG,23,DAL,58,5,685,89,223,0.399,38,111,0.342,51,112,0.455,0.484,24,25,0.96,12,67,79,69,27,7,31,61,240,10.4,0.513,0.498,0.112,1.9,10.9,6.4,14.7,2,0.9,11.7,17.4,0.1,0.9,0.9,0.065,-2.8,0.9,-1.9,0,2036318
Jusuf Nurkić,C,27,POR,56,56,1579,321,600,0.535,15,56,0.268,306,544,0.563,0.548,185,268,0.69,167,452,619,157,62,34,143,189,842,20,0.586,0.093,0.447,11.2,32.6,21.5,16.6,1.9,2.1,16.6,23.6,2,1.7,3.6,0.11,0.1,0.2,0.3,0.9,15625000
David Nwaba,SF,29,HOU,46,4,609,85,176,0.483,15,49,0.306,70,127,0.551,0.526,48,67,0.716,41,110,151,35,28,20,21,55,233,15.3,0.567,0.278,0.381,7.4,20,13.6,8.5,2.2,2.9,9.3,15.8,0.8,0.5,1.3,0.105,-0.6,0,-0.6,0.2,5022000
Royce O'Neale,SF,28,UTA,77,77,2406,203,444,0.457,119,306,0.389,84,138,0.609,0.591,45,56,0.804,64,304,368,191,86,32,79,183,570,10.3,0.608,0.689,0.126,3,13.4,8.4,10.5,1.8,1.2,14.4,9.9,2.7,2.8,5.5,0.109,-0.8,1.7,0.8,1.7,9200000
Chuma Okeke,PF,23,ORL,70,20,1749,216,575,0.376,118,371,0.318,98,204,0.48,0.478,55,65,0.846,47,300,347,118,97,42,57,95,605,12,0.501,0.645,0.113,2.8,18.2,10.5,10.1,2.7,2.2,8.6,16.4,-0.3,2.5,2.2,0.06,-1.6,1.5,-0.1,0.8,3433320
Josh Okogie,SG,23,MIN,49,6,516,42,104,0.404,14,47,0.298,28,57,0.491,0.471,35,51,0.686,29,41,70,25,26,12,23,53,133,9,0.526,0.452,0.49,5.9,8.7,7.3,6.2,2.4,2.2,15.4,12.1,0.1,0.5,0.7,0.062,-3.7,0.9,-2.7,-0.1,1836090
Onyeka Okongwu,C,21,ATL,48,6,992,156,226,0.69,0,0,0,156,226,0.69,0.69,80,110,0.727,115,168,283,53,31,60,44,149,392,19.8,0.714,0,0.487,12.8,18.4,15.6,7.6,1.5,5.4,13.8,14,3.1,1.1,4.2,0.202,0,0.8,0.8,0.7,6395160
Isaac Okoro,SF,21,CLE,67,61,1981,207,431,0.48,55,157,0.35,152,274,0.555,0.544,119,155,0.768,72,129,201,121,56,22,58,164,588,10.4,0.589,0.364,0.36,4.1,7.1,5.6,8.5,1.4,1,10.4,12.4,2.4,1.9,4.2,0.103,-2.4,0.7,-1.7,0.1,7040880
Victor Oladipo,SG,29,MIA,8,1,173,35,73,0.479,15,36,0.417,20,37,0.541,0.582,14,19,0.737,3,20,23,28,5,1,16,13,99,16.8,0.608,0.493,0.26,2,12.9,7.5,26.3,1.4,0.6,16.4,25.1,0.2,0.2,0.4,0.124,1.8,-0.5,1.3,0.1,8750000
Kelly Olynyk,C,30,DET,40,1,764,128,286,0.448,40,119,0.336,88,167,0.527,0.517,69,89,0.775,54,123,177,111,31,19,58,100,365,16.7,0.561,0.416,0.311,7.3,18.3,12.5,23.3,2,2.2,15.1,21.5,0.8,0.8,1.6,0.104,0.5,1,1.6,0.7,12804878
Cedi Osman,SF,26,CLE,66,3,1462,247,572,0.432,128,359,0.357,119,213,0.559,0.544,87,131,0.664,25,121,146,135,52,10,67,127,709,13.3,0.563,0.628,0.229,1.9,9,5.5,14.1,1.8,0.6,9.6,21.1,1.3,1.6,2.9,0.094,-0.3,0.5,0.2,0.8,7426088
Kelly Oubre Jr.,SF,26,CHO,76,13,1999,410,932,0.44,191,553,0.345,219,379,0.578,0.542,126,189,0.667,79,223,302,84,77,31,67,189,1137,14.9,0.56,0.593,0.203,4.1,12,8,6.2,1.8,1.5,6.2,23,1.8,1.4,3.3,0.079,0.2,-1.6,-1.4,0.3,12600000
Chris Paul,PG,36,PHO,65,65,2139,363,736,0.493,63,199,0.317,300,537,0.559,0.536,169,202,0.837,22,261,283,702,121,20,153,134,958,20.8,0.581,0.27,0.274,1.1,12.8,7.1,44.5,2.7,0.8,15.6,19.7,5.8,3.6,9.4,0.21,3.1,2.3,5.4,4,28400000
Cameron Payne,PG,27,PHO,58,12,1278,240,587,0.409,71,211,0.336,169,376,0.449,0.469,75,89,0.843,24,151,175,282,40,17,103,119,626,13.8,0.5,0.359,0.152,2.1,12.3,7.3,30.7,1.5,1.2,14.1,24.6,0.2,1.8,1.9,0.073,-0.4,0.4,0,0.7,6000000
Gary Payton II,SG,29,GSW,71,16,1247,212,344,0.616,43,120,0.358,169,224,0.754,0.679,35,58,0.603,72,175,247,64,96,22,40,131,502,17.8,0.679,0.349,0.169,6.5,14.9,10.8,7.6,3.8,1.7,9.8,14.3,2.5,2.6,5.2,0.199,0.3,3.4,3.7,1.8,8300000
Theo Pinson,SF,26,DAL,19,0,148,14,39,0.359,10,30,0.333,4,9,0.444,0.487,10,10,1,2,19,21,17,5,2,5,12,48,11.9,0.553,0.769,0.256,1.5,14.3,7.9,15.9,1.7,1.2,10.3,14.7,0.2,0.2,0.4,0.122,-1.5,1,-0.5,0.1,1836090
Mason Plumlee,C,31,CHO,73,73,1793,205,320,0.641,0,2,0,205,318,0.645,0.641,67,171,0.392,176,389,565,226,61,52,100,224,477,14.7,0.603,0.006,0.534,10.2,23.3,16.7,16.4,1.6,2.7,20.2,11.7,2.7,2,4.7,0.127,-1.5,1.5,0,0.9,9080417
Jakob Poeltl,C,26,SAS,68,67,1970,410,663,0.618,1,1,1,409,662,0.618,0.619,94,190,0.495,262,372,634,189,45,118,109,212,915,20.8,0.613,0.002,0.287,13.9,20,16.9,14,1.1,5,12.7,18.3,4.4,2.5,6.9,0.168,0.9,0.7,1.6,1.7,9398148
Aleksej Pokusevski,PF,20,OKC,61,12,1233,186,456,0.408,57,197,0.289,129,259,0.498,0.47,35,50,0.7,73,245,318,131,39,38,94,88,464,12,0.485,0.432,0.11,6,20.8,13.3,16.5,1.5,2.9,16.4,20,-1.1,1.5,0.4,0.014,-2.7,0.1,-2.6,-0.2,3261480
Jordan Poole,SG,22,GSW,76,51,2283,474,1058,0.448,211,580,0.364,263,478,0.55,0.548,246,266,0.925,34,226,260,304,60,23,187,206,1405,16.1,0.598,0.548,0.251,1.7,10.5,6.2,21,1.3,1,13.7,26,3.1,2.9,6,0.126,1.3,-0.3,1,1.7,3901399
Kevin Porter Jr.,PG,21,HOU,61,61,1907,335,808,0.415,155,413,0.375,180,395,0.456,0.511,124,193,0.642,43,224,267,376,69,22,192,156,949,13.5,0.531,0.511,0.239,2.5,13,7.7,30.7,1.7,1,17.7,24.1,0,0.8,0.8,0.021,-0.1,-1.6,-1.6,0.2,3217631
Michael Porter Jr.,SF,23,DEN,9,9,265,37,103,0.359,10,48,0.208,27,55,0.491,0.408,5,9,0.556,9,50,59,17,10,2,12,16,89,7.5,0.416,0.466,0.087,3.9,20.4,12.4,8.9,1.9,0.7,10.1,19.7,-0.5,0.3,-0.2,-0.032,-3.9,0.5,-3.5,-0.1,30913750
Otto Porter Jr.,PF,28,GSW,63,15,1396,193,416,0.464,80,216,0.37,113,200,0.565,0.56,49,61,0.803,86,276,362,94,68,29,37,83,515,15.9,0.581,0.519,0.147,6.9,21,14.2,9.6,2.4,2,7.7,15,2.2,2.7,4.9,0.168,1,2.1,3.1,1.8,6000000
Bobby Portis,C,26,MIL,72,59,2028,417,871,0.479,133,338,0.393,284,533,0.533,0.555,85,113,0.752,180,477,657,86,53,51,90,174,1052,17.7,0.571,0.388,0.13,9.6,24.4,17.2,6.4,1.3,2.4,8.9,21.3,2.9,2.6,5.5,0.131,1.2,-1,0.2,1.1,10843350
Kristaps Porziņģis,PF,26,TOT,51,51,1481,352,767,0.459,78,252,0.31,274,515,0.532,0.51,248,286,0.867,102,309,411,119,37,84,81,137,1030,23.7,0.577,0.329,0.373,7.7,23.1,15.4,13.7,1.3,5,8.3,29.5,3.2,2.4,5.6,0.18,3.3,0.6,3.9,2.2,33833400
Dwight Powell,C,30,DAL,82,71,1798,269,401,0.671,13,37,0.351,256,364,0.703,0.687,166,212,0.783,173,231,404,97,37,39,64,220,717,18.1,0.725,0.092,0.529,10.7,14.3,12.5,8.1,1,2,11.5,14,6,2.2,8.2,0.219,0.4,0.5,0.9,1.3,11080125
Norman Powell,SF,28,TOT,45,41,1458,279,605,0.461,106,253,0.419,173,352,0.491,0.549,189,233,0.811,20,125,145,96,42,21,69,106,853,16.3,0.603,0.418,0.385,1.5,9.7,5.4,10.8,1.4,1.4,8.9,23.1,2.4,0.4,2.8,0.093,1.2,-1.5,-0.3,0.6,16758621
Joshua Primo,SF,19,SAS,50,16,965,101,270,0.374,42,137,0.307,59,133,0.444,0.452,44,59,0.746,32,81,113,81,20,23,57,79,288,7.1,0.487,0.507,0.219,3.5,8.9,6.1,10.6,1,2,16.1,15.4,-0.6,0.6,0,0.001,-3.8,-1.1,-5,-0.7,4144320
Taurean Prince,PF,27,MIN,69,8,1177,177,390,0.454,86,229,0.376,91,161,0.565,0.564,62,82,0.756,26,148,174,68,47,23,53,116,502,12.4,0.589,0.587,0.21,2.3,13.8,7.9,8.1,1.9,1.9,11.1,17,1,1.2,2.2,0.09,-1,0,-0.9,0.3,7295000
Payton Pritchard,PG,24,BOS,71,2,1001,160,373,0.429,101,245,0.412,59,128,0.461,0.564,21,21,1,32,102,134,139,25,6,41,61,442,15,0.578,0.657,0.056,3.5,10.8,7.2,20.4,1.2,0.5,9.7,18.6,1.8,1.2,3.1,0.148,1.7,0.1,1.8,1,2239200
Trevelin Queen,SG,24,HOU,10,0,74,15,33,0.455,9,24,0.375,6,9,0.667,0.591,4,4,1,7,9,16,4,5,1,7,6,43,18.2,0.619,0.727,0.121,10.3,13.4,11.9,8.8,3.2,1.2,16.8,23.9,0.1,0.1,0.1,0.08,2.7,-0.8,1.9,0.1,1637966
Immanuel Quickley,PG,22,NYK,78,3,1802,284,724,0.392,137,396,0.346,147,328,0.448,0.487,177,201,0.881,31,216,247,275,54,3,99,167,882,14.6,0.543,0.547,0.278,1.8,13.1,7.4,24.5,1.5,0.2,10.9,22.2,2.5,1.8,4.2,0.113,0.2,0,0.2,1,2316240
Julius Randle,PF,27,NYK,72,72,2544,512,1246,0.411,120,390,0.308,392,856,0.458,0.459,303,401,0.756,125,591,716,370,53,39,245,205,1447,15.7,0.509,0.313,0.322,5.2,25.5,15.1,25.1,1,1.5,14.7,28.7,-0.3,3.4,3.1,0.059,0.4,0.2,0.5,1.6,23760000
Austin Reaves,SG,23,LAL,61,19,1418,146,318,0.459,53,167,0.317,93,151,0.616,0.542,99,118,0.839,45,148,193,110,29,20,40,87,444,11.5,0.6,0.525,0.371,3.4,11.2,7.3,10.3,1,1.3,9.8,12.4,2.1,0.8,2.9,0.097,-1.3,-0.6,-1.9,0,1563518
Cam Reddish,SF,22,TOT,49,7,1012,165,408,0.404,66,184,0.359,99,224,0.442,0.485,101,112,0.902,25,80,105,48,47,15,57,60,497,12.8,0.543,0.451,0.275,2.7,8.6,5.7,7,2.3,1.4,11.1,22.2,0.2,0.8,1,0.046,-1,-0.3,-1.3,0.2,5954454
Davon Reed,SG,26,DEN,48,5,668,81,161,0.503,37,86,0.43,44,75,0.587,0.618,10,15,0.667,14,94,108,53,24,9,16,63,209,12.2,0.624,0.534,0.093,2.4,15.2,9,10.7,1.8,1.2,8.7,12.1,0.9,0.7,1.6,0.117,-0.6,0.3,-0.3,0.3,1902133
Paul Reed,C,22,PHI,38,2,302,54,96,0.563,2,8,0.25,52,88,0.591,0.573,6,14,0.429,44,48,92,16,33,14,10,57,116,21.4,0.568,0.083,0.146,16.6,17.4,17,8.3,5.5,4.2,8.9,16.7,0.6,0.7,1.3,0.212,-0.8,2.9,2.1,0.3,1782621
Naz Reid,C,22,MIN,77,6,1215,233,476,0.489,57,166,0.343,176,310,0.568,0.549,114,149,0.765,102,199,301,71,40,71,82,172,637,17.2,0.588,0.349,0.313,8.8,18,13.3,8.7,1.6,5.6,13.2,21.4,1.5,1.6,3.2,0.125,-0.5,0.5,0,0.6,1930681
Nick Richards,C,24,CHO,50,5,367,60,90,0.667,0,0,0,60,90,0.667,0.667,30,43,0.698,34,52,86,13,9,21,24,51,150,15.9,0.689,0,0.478,9.7,15.2,12.4,4.9,1.2,5.4,18.1,15.4,0.6,0.3,1,0.125,-2.6,-0.2,-2.8,-0.1,1782621
Josh Richardson,SG,28,TOT,65,7,1600,234,534,0.438,102,246,0.415,132,288,0.458,0.534,96,108,0.889,42,143,185,115,56,29,66,116,666,12.8,0.573,0.461,0.202,2.8,9.4,6.2,10.1,1.7,1.6,10.2,17.6,1.6,2,3.5,0.106,-0.6,0.7,0.1,0.9,12196094
Austin Rivers,SG,29,DEN,67,18,1480,146,350,0.417,79,231,0.342,67,119,0.563,0.53,32,44,0.727,19,95,114,90,51,6,54,121,403,7.2,0.546,0.66,0.126,1.5,6.9,4.3,8,1.7,0.4,12.8,12.6,0.1,1.1,1.2,0.037,-3.5,-0.3,-3.8,-0.7,1836090
Duncan Robinson,SG,27,MIA,79,68,2043,290,726,0.399,232,624,0.372,58,102,0.569,0.559,51,61,0.836,24,179,203,129,42,14,60,201,863,10.6,0.573,0.86,0.084,1.4,9.8,5.6,9.3,1,0.7,7.4,17.7,1.9,2,3.9,0.092,-0.3,-0.3,-0.6,0.7,16902000
Mitchell Robinson,C,23,NYK,72,62,1848,261,343,0.761,0,0,0,261,343,0.761,0.761,88,181,0.486,295,322,617,38,58,133,60,195,610,20.7,0.722,0,0.528,16.8,19.1,17.9,3.2,1.6,7.1,12.4,11.4,5.3,3.2,8.5,0.221,1,1.2,2.2,2,17045454
Jeremiah Robinson-Earl,C,21,OKC,49,36,1087,134,324,0.414,58,165,0.352,76,159,0.478,0.503,40,54,0.741,75,199,274,49,29,15,39,75,366,11.7,0.526,0.509,0.167,7,19.1,13,6.7,1.3,1.3,10.1,15.4,0.4,1,1.5,0.065,-1.9,-0.4,-2.2,-0.1,2000000
Isaiah Roby,PF,23,OKC,45,28,948,166,323,0.514,44,99,0.444,122,224,0.545,0.582,78,116,0.672,75,142,217,71,36,34,43,109,454,18.3,0.607,0.307,0.359,8,15.6,11.8,12.1,1.8,3.3,10.3,19,1.8,1.1,2.9,0.147,0.4,0.2,0.6,0.6,1930681
Derrick Rose,PG,33,NYK,26,4,636,122,274,0.445,37,92,0.402,85,182,0.467,0.513,30,31,0.968,21,57,78,103,22,12,39,15,311,16.9,0.541,0.336,0.113,3.5,9.8,6.6,27.5,1.7,1.9,11.9,22.5,0.8,0.7,1.4,0.108,2.3,0,2.3,0.7,14520730
Terrence Ross,SG,30,ORL,63,0,1448,220,554,0.397,77,264,0.292,143,290,0.493,0.467,112,130,0.862,20,141,161,116,28,12,75,68,629,10,0.515,0.477,0.235,1.5,10.3,5.9,12.5,0.9,0.8,10.9,20.5,-0.5,0.9,0.3,0.011,-2.5,-1.1,-3.7,-0.6,11500000
Terry Rozier,SG,27,CHO,73,73,2458,518,1167,0.444,222,593,0.374,296,574,0.516,0.539,150,176,0.852,56,259,315,326,93,25,96,119,1408,17.6,0.566,0.508,0.151,2.4,11.3,6.8,19.7,1.8,1,7.2,23.2,4.3,1.6,5.9,0.115,2.4,-0.7,1.7,2.3,21486316
Ricky Rubio,PG,31,CLE,34,8,970,149,411,0.363,59,174,0.339,90,237,0.38,0.434,88,103,0.854,15,126,141,225,49,7,90,75,445,14,0.488,0.423,0.251,1.7,14.1,8,34.6,2.5,0.6,16.5,24.9,-0.1,1.4,1.3,0.064,-1,1.2,0.2,0.5,5853659
D'Angelo Russell,PG,25,MIN,65,65,2077,401,975,0.411,176,518,0.34,225,457,0.492,0.502,198,240,0.825,25,191,216,460,62,22,165,130,1176,16.3,0.544,0.531,0.246,1.3,10.1,5.6,33.1,1.4,1,13.2,25.1,2.9,1.5,4.4,0.101,2.2,-1.5,0.8,1.4,31377750
Domantas Sabonis,PF,25,TOT,62,61,2136,443,773,0.573,39,125,0.312,404,648,0.623,0.598,246,332,0.741,201,551,752,323,59,27,195,203,1171,21.9,0.637,0.162,0.429,10.3,29,19.5,23.6,1.3,1.1,17.5,22.3,5.3,1.8,7.1,0.159,3.2,0.9,4.1,3.2,18500000
Alperen Şengün,C,19,HOU,72,13,1489,249,525,0.474,29,117,0.248,220,408,0.539,0.502,165,232,0.711,138,255,393,185,59,68,145,214,692,16,0.552,0.223,0.442,10.1,18.9,14.5,19.1,1.9,4.1,18.8,22,0.8,1.3,2.1,0.068,-1.6,0.6,-1,0.4,3375360
Landry Shamet,SG,24,PHO,69,14,1437,191,485,0.394,123,334,0.368,68,151,0.45,0.521,68,81,0.84,16,110,126,108,28,9,41,92,573,10.2,0.55,0.689,0.167,1.2,8,4.7,9.7,0.9,0.6,7.3,16.8,1.1,1.5,2.6,0.085,-0.9,-0.4,-1.2,0.3,9500000
Day'Ron Sharpe,PF,20,BRK,32,8,391,86,149,0.577,2,7,0.286,84,142,0.592,0.584,24,41,0.585,81,79,160,17,10,15,30,60,198,20.7,0.593,0.047,0.275,23.2,21.4,22.3,6.7,1.2,3.4,15.2,21.7,0.8,0.5,1.2,0.152,-0.3,-2.5,-2.8,-0.1,2109480
Pascal Siakam,PF,27,TOR,68,68,2578,596,1207,0.494,75,218,0.344,521,989,0.527,0.525,284,379,0.749,128,452,580,360,85,42,181,225,1551,20.3,0.565,0.181,0.314,5.1,20.1,12.2,23,1.6,1.6,11.6,25.8,4.9,3.2,8.1,0.151,2.7,0.8,3.5,3.6,35448672
Marko Simonovic,C,22,CHI,9,0,35,4,15,0.267,1,5,0.2,3,10,0.3,0.3,8,11,0.727,5,5,10,0,1,1,2,6,17,10.2,0.428,0.333,0.733,16.2,16,16.1,0,1.4,2.5,9.2,27.5,0,0,0,-0.011,-6.1,-5,-11.1,-0.1,1563518
Anfernee Simons,SG,22,POR,57,30,1681,353,797,0.443,179,442,0.405,174,355,0.49,0.555,103,116,0.888,26,125,151,221,30,6,115,110,988,15.3,0.583,0.555,0.146,1.6,8.5,4.9,22.2,0.9,0.4,11.9,24.8,2,-0.1,1.9,0.055,1.9,-2.7,-0.7,0.5,22321429
Jericho Sims,PF,23,NYK,41,5,555,39,54,0.722,0,0,0,39,54,0.722,0.722,12,29,0.414,61,108,169,21,11,22,20,66,90,11.6,0.674,0,0.537,11.6,21.3,16.4,5.3,1,3.9,23.1,6.9,0.7,0.8,1.5,0.128,-2.8,1.1,-1.7,0,1639842
Deividas Sirvydis,SG,21,DET,3,0,27,1,10,0.1,1,7,0.143,0,3,0,0.15,0,0,0,0,6,6,1,3,1,0,4,3,0.1,0.15,0.7,0,0,25.3,12,4.9,5.4,3.3,0,15.9,-0.1,0.1,-0.1,-0.139,-10.8,2.2,-8.7,0,1782621
Marcus Smart,PG,27,BOS,71,71,2296,300,718,0.418,119,360,0.331,181,358,0.506,0.501,142,179,0.793,42,228,270,417,119,18,159,160,861,13.6,0.54,0.501,0.249,2,10.5,6.4,25.6,2.6,0.7,16.6,18.3,1.9,3.7,5.6,0.116,-1.2,1.7,0.5,1.5,17207142
Ish Smith,PG,33,TOT,65,1,1126,185,430,0.43,25,67,0.373,160,363,0.441,0.459,15,24,0.625,25,115,140,244,47,23,78,78,410,12.5,0.465,0.156,0.056,2.4,11.1,6.8,31.5,2,1.8,15,20.1,-0.3,0.9,0.5,0.023,-2.2,-0.6,-2.9,-0.2,4725000
Jalen Smith,PF,21,TOT,51,8,925,176,350,0.503,40,122,0.328,136,228,0.596,0.56,78,102,0.765,101,206,307,24,15,41,42,96,470,18.4,0.595,0.349,0.291,12,24.5,18.2,3.9,0.8,3.9,9.6,20.3,1.7,1.1,2.8,0.145,0.9,-1.4,-0.5,0.3,4670160
Jaden Springer,SG,19,PHI,2,0,6,1,1,1,0,0,0,1,1,1,1,0,0,0,1,1,2,0,0,2,1,0,2,26.4,1,0,0,18.9,18.3,18.6,0,0,30,50,15,0,0,0,0.138,8.3,8.7,17.1,0,2125200
Nik Stauskas,SG,28,TOT,8,0,39,5,14,0.357,4,10,0.4,1,4,0.25,0.5,4,6,0.667,1,2,3,2,0,0,1,1,18,10.5,0.541,0.714,0.429,3,5.7,4.4,7.3,0,0,5.7,20,0,0,0.1,0.078,-0.9,-2.7,-3.6,0,702311
Lamar Stevens,PF,24,CLE,63,13,1015,156,319,0.489,18,65,0.277,138,254,0.543,0.517,53,75,0.707,47,117,164,44,31,18,41,106,383,11.3,0.544,0.204,0.235,5.2,12.5,8.9,6.5,1.5,1.6,10.4,17.1,0.4,1.2,1.6,0.078,-3.2,0.3,-2.9,-0.2,1782621
Isaiah Stewart,C,20,DET,71,71,1816,250,490,0.51,15,46,0.326,235,444,0.529,0.526,74,103,0.718,226,391,617,82,22,78,85,211,589,14,0.55,0.094,0.21,12.8,24.5,18.4,6.9,0.6,3.9,13.7,14.6,1.6,1.8,3.4,0.091,-2.5,-0.8,-3.3,-0.6,3433320
Max Strus,SF,25,MIA,68,16,1587,249,564,0.441,181,442,0.41,68,122,0.557,0.602,42,53,0.792,24,178,202,92,28,16,57,116,721,12.7,0.614,0.784,0.094,1.7,12.5,7.2,8.8,0.9,1.1,8.8,18.1,2,1.7,3.6,0.11,1.4,-0.4,0.9,1.2,1815677
Jalen Suggs,PG,20,ORL,48,45,1307,198,548,0.361,42,196,0.214,156,352,0.443,0.4,126,163,0.773,26,145,171,209,59,19,143,142,564,8.6,0.455,0.358,0.297,2.1,11.7,6.9,24.9,2.2,1.3,18.7,25.3,-3,1.3,-1.6,-0.06,-5.3,-0.2,-5.6,-1.2,6922320
Jae'Sean Tate,PF,26,HOU,78,77,2056,363,729,0.498,63,202,0.312,300,527,0.569,0.541,130,184,0.707,135,285,420,222,72,41,139,286,919,14.3,0.567,0.277,0.252,7.2,15.3,11.2,16.9,1.7,1.8,14.6,19.6,1.9,1.1,3,0.071,-1.3,-0.5,-1.8,0.1,7065217
Jayson Tatum,SF,23,BOS,76,76,2731,708,1564,0.453,230,651,0.353,478,913,0.524,0.526,400,469,0.853,85,524,609,334,75,49,217,174,2046,21.8,0.578,0.416,0.3,3.5,20.2,12.1,21.1,1.4,1.6,10.9,32.1,5,4.6,9.6,0.169,4.3,0.6,4.9,4.8,30351780
Terry Taylor,SG,22,IND,33,7,714,135,220,0.614,12,38,0.316,123,182,0.676,0.641,36,51,0.706,95,77,172,41,14,8,23,61,318,19,0.656,0.173,0.232,14.6,12.2,13.4,8.6,1,1,8.7,15.9,2.2,0.2,2.4,0.16,2.2,-2.7,-0.6,0.3,1563518
Garrett Temple,SG,35,NOP,59,16,1098,111,295,0.376,59,185,0.319,52,110,0.473,0.476,28,41,0.683,29,114,143,74,43,23,42,81,309,8.6,0.494,0.627,0.139,2.9,11.8,7.2,9.2,1.9,2,11.8,13.9,-0.1,1,0.8,0.037,-2.8,0.3,-2.5,-0.1,5155500
Tyrell Terry,PG,21,MEM,2,0,3,1,1,1,0,0,0,1,1,1,1,0,0,0,0,0,0,0,0,0,0,1,2,20,1,0,0,0,0,0,0,0,0,0,13.7,0,0,0,0.222,-3.4,2.5,-1,0,1782621
Daniel Theis,C,29,TOT,47,27,977,151,291,0.519,33,107,0.308,118,184,0.641,0.576,49,72,0.681,59,169,228,41,20,31,46,111,384,13.2,0.595,0.368,0.247,6.6,18.8,12.7,6.3,1,2.9,12.5,16.2,0.9,1,1.9,0.093,-1.9,-0.2,-2.1,0,8694369
Cam Thomas,SG,20,BRK,67,2,1176,218,503,0.433,47,174,0.27,171,329,0.52,0.48,87,105,0.829,16,145,161,78,33,8,55,66,570,11.7,0.519,0.346,0.209,1.5,13.1,7.5,9.7,1.4,0.6,9.1,22.1,0,0.8,0.8,0.033,-2,-1.4,-3.4,-0.4,2138160
Klay Thompson,SG,31,GSW,32,32,941,246,573,0.429,114,296,0.385,132,277,0.477,0.529,46,51,0.902,15,110,125,88,16,17,43,54,652,16.7,0.547,0.517,0.089,1.8,12.4,7.3,16.1,0.8,1.7,6.7,29.6,0.6,1.2,1.8,0.091,2.6,-1.6,1.1,0.7,40600080
JT Thor,PF,19,CHO,33,0,262,24,55,0.436,7,27,0.259,17,28,0.607,0.5,12,20,0.6,11,32,43,19,8,11,10,26,67,9.7,0.525,0.491,0.364,4.4,13.1,8.7,9.2,1.5,4,13.6,12,0.1,0.2,0.3,0.058,-3.1,0.1,-3,-0.1,1563518
Matisse Thybulle,SG,24,PHI,66,50,1685,150,300,0.5,45,144,0.313,105,156,0.673,0.575,34,43,0.791,42,109,151,75,115,71,39,158,379,11.2,0.594,0.48,0.143,2.8,7.1,5,6.1,3.4,3.8,10.9,9.5,1.2,2.5,3.7,0.107,-2.2,3.3,1.1,1.3,4379527
Killian Tillie,C,23,MEM,36,3,461,43,127,0.339,27,86,0.314,16,41,0.39,0.445,5,8,0.625,21,39,60,22,23,15,13,58,118,7.6,0.452,0.677,0.063,4.7,9.1,6.8,5.9,2.4,2.9,9.1,12.8,-0.1,0.6,0.6,0.058,-3.8,1.1,-2.7,-0.1,1901625
Xavier Tillman Sr.,PF,23,MEM,53,2,701,98,216,0.454,10,49,0.204,88,167,0.527,0.477,46,71,0.648,66,95,161,62,49,15,34,63,252,15.1,0.51,0.227,0.329,9.6,14.5,12,11.6,3.3,1.9,12.1,16.4,0.6,1.2,1.8,0.121,-1.1,1.8,0.7,0.5,1782621
Isaiah Todd,PF,20,WAS,12,0,74,7,26,0.269,4,16,0.25,3,10,0.3,0.346,2,6,0.333,3,9,12,4,4,2,4,4,20,4.7,0.349,0.615,0.231,4.6,13.3,9,7.3,2.7,2.3,12.3,19.6,-0.2,0.1,-0.2,-0.104,-5.7,-1.2,-6.9,-0.1,1575000
Obi Toppin,PF,23,NYK,72,10,1230,251,473,0.531,52,169,0.308,199,304,0.655,0.586,94,124,0.758,69,199,268,77,25,33,56,102,648,18.3,0.614,0.357,0.262,5.9,17.7,11.7,10.9,1,2.6,9.6,20.8,2.5,1.5,3.9,0.153,1.7,0.3,2,1.2,5348280
Juan Toscano-Anderson,SF,28,GSW,73,6,994,115,235,0.489,28,87,0.322,87,148,0.588,0.549,40,70,0.571,28,148,176,127,48,17,68,115,298,11,0.561,0.37,0.298,3.2,15.8,9.7,17.6,2.4,1.6,20.4,14.7,0.3,1.8,2,0.098,-3.3,2.4,-0.8,0.3,1836090
Karl-Anthony Towns,C,26,MIN,74,74,2476,642,1214,0.529,150,366,0.41,492,848,0.58,0.591,384,467,0.822,194,533,727,269,72,83,226,267,1818,24.1,0.64,0.301,0.385,8.2,23.6,15.7,18,1.4,3.2,13.7,27.8,7.1,3.2,10.3,0.199,4.5,0.5,5,4.4,33833400
Gary Trent Jr.,SG,23,TOR,70,69,2448,450,1086,0.414,209,545,0.383,241,541,0.445,0.511,174,204,0.853,26,165,191,141,122,19,73,144,1283,14.7,0.546,0.502,0.188,1.1,7.7,4.2,8.8,2.5,0.8,5.8,21.8,3.1,2.5,5.6,0.11,-0.1,0.3,0.2,1.3,17505000
P.J. Tucker,PF,36,MIA,71,70,1981,207,428,0.484,80,193,0.415,127,235,0.54,0.577,45,61,0.738,100,287,387,149,58,15,66,161,539,11.3,0.593,0.451,0.143,5.8,16.2,11.1,10.6,1.5,0.8,12.7,11.7,2.4,2.6,5,0.121,-0.8,1.4,0.6,1.3,10490000
Myles Turner,C,25,IND,42,42,1235,200,393,0.509,61,183,0.333,139,210,0.662,0.587,79,105,0.752,65,232,297,44,28,118,54,119,540,17.4,0.615,0.466,0.267,5.8,21.3,13.4,5.1,1.1,8.3,10.9,17.1,1.7,1.4,3.1,0.12,0.1,1.4,1.4,1.1,18000000
Jonas Valančiūnas,C,29,NOP,74,74,2240,510,938,0.544,57,158,0.361,453,780,0.581,0.574,237,289,0.82,226,617,843,190,41,60,179,247,1314,21.2,0.617,0.168,0.308,10.9,31.2,20.8,14,0.9,2.6,14.4,23.8,4.6,2.7,7.3,0.156,2,-0.1,1.9,2.2,14700000
Jarred Vanderbilt,PF,22,MIN,74,67,1880,212,361,0.587,2,14,0.143,210,347,0.605,0.59,86,131,0.656,215,409,624,94,99,46,73,181,512,15.3,0.612,0.039,0.363,12,23.9,17.8,6.7,2.5,2.4,14.8,10.9,3.1,2.9,6,0.153,-0.8,1,0.2,1.1,4374000
Fred VanVleet,PG,27,TOR,65,65,2462,442,1097,0.403,242,642,0.377,200,455,0.44,0.513,194,222,0.874,44,245,289,434,111,35,170,162,1320,17.3,0.552,0.585,0.202,1.8,11.4,6.4,26.7,2.3,1.4,12.5,23.7,3.9,2.8,6.7,0.131,3.1,0.5,3.6,3.5,21250000
Devin Vassell,SF,21,SAS,71,32,1937,326,764,0.427,137,380,0.361,189,384,0.492,0.516,83,99,0.838,44,262,306,136,76,41,58,143,872,13.3,0.54,0.497,0.13,2.4,14.3,8.3,9.7,1.9,1.8,6.7,18.9,1.3,2,3.3,0.082,-0.5,0,-0.5,0.7,4437000
Gabe Vincent,PG,25,MIA,68,27,1589,214,513,0.417,119,323,0.368,95,190,0.5,0.533,44,54,0.815,22,104,126,210,62,12,98,158,591,10.6,0.551,0.63,0.105,1.6,7.3,4.5,19.4,2,0.8,15.4,17.8,0.7,1.9,2.5,0.076,-1.9,0.5,-1.4,0.2,1815677
Nikola Vučević,C,31,CHI,73,73,2418,546,1154,0.473,104,331,0.314,442,823,0.537,0.518,92,121,0.76,142,662,804,236,70,71,136,181,1288,18.2,0.533,0.287,0.105,6.6,30.7,18.7,15.2,1.4,2.5,10.1,24.5,1.4,3.2,4.5,0.09,0.8,0.1,0.9,1.8,22000000
Dean Wade,PF,25,CLE,51,28,980,99,217,0.456,51,142,0.359,48,75,0.64,0.574,20,30,0.667,31,119,150,52,29,7,16,88,269,10.1,0.584,0.654,0.138,3.6,13.1,8.5,7.3,1.5,0.6,6.5,11.1,1.1,1.1,2.3,0.111,-1.9,1.3,-0.6,0.4,1930681
Franz Wagner,SF,20,ORL,79,79,2429,456,975,0.468,96,271,0.354,360,704,0.511,0.517,189,219,0.863,84,272,356,231,68,34,119,164,1197,14.7,0.559,0.278,0.225,3.6,11.9,7.7,15.7,1.4,1.3,10,21.2,2.1,1.9,4,0.079,-0.4,-0.3,-0.7,0.8,5258280
Moritz Wagner,C,24,ORL,63,3,960,197,396,0.497,66,201,0.328,131,195,0.672,0.581,104,129,0.806,42,190,232,87,20,13,56,123,564,18.1,0.623,0.508,0.326,4.6,21,12.8,15.4,1,1.2,11,22.9,1.8,1,2.8,0.138,1.5,0.1,1.6,0.9,1878720
Ish Wainright,PF,27,PHO,45,0,359,41,104,0.394,19,59,0.322,22,45,0.489,0.486,7,12,0.583,27,27,54,15,20,6,13,49,108,9.4,0.494,0.567,0.115,8.3,7.9,8.1,5.3,2.7,1.5,10.6,14.7,0,0.6,0.6,0.079,-3,1,-2,0,NA
Kemba Walker,PG,31,NYK,37,37,948,149,370,0.403,73,199,0.367,76,171,0.444,0.501,60,71,0.845,14,97,111,131,26,7,48,37,431,13.9,0.537,0.538,0.192,1.6,11.2,6.3,22.2,1.4,0.7,10.7,20.8,1,0.9,1.8,0.093,0.7,-0.2,0.4,0.6,9165471
Lonnie Walker IV,SG,23,SAS,70,6,1612,311,764,0.407,111,353,0.314,200,411,0.487,0.48,116,148,0.784,18,163,181,152,44,19,71,98,849,12.3,0.512,0.462,0.194,1.2,10.7,5.9,13.4,1.3,1,7.9,23.6,0.1,1.1,1.2,0.037,-1.2,-1.3,-2.5,-0.2,6479000
P.J. Washington,C,23,CHO,65,28,1768,250,532,0.47,110,301,0.365,140,231,0.606,0.573,58,81,0.716,82,255,337,147,57,61,82,152,668,13.6,0.588,0.566,0.152,4.8,15.5,10.1,11.2,1.5,3.3,12.6,15.6,1.8,1.6,3.4,0.091,-0.2,0.2,-0.1,0.9,5808435
Trendon Watford,SF,21,POR,48,10,869,142,267,0.532,9,38,0.237,133,229,0.581,0.549,71,94,0.755,57,142,199,81,25,28,44,116,364,15.8,0.59,0.142,0.352,7,18.6,12.6,14.6,1.4,3.2,12.5,17.6,1.4,0.5,1.9,0.104,-1.4,-0.4,-1.7,0.1,1563518
Russell Westbrook,PG,33,LAL,78,78,2678,548,1233,0.444,79,265,0.298,469,968,0.485,0.476,266,399,0.667,110,470,580,550,75,20,295,235,1441,15,0.512,0.215,0.324,4.4,18.8,11.6,31.6,1.3,0.7,17.3,27.3,-0.6,2.3,1.7,0.03,-0.7,-0.9,-1.6,0.2,47063478
Coby White,PG,21,CHI,61,17,1675,279,644,0.433,136,353,0.385,143,291,0.491,0.539,78,91,0.857,17,165,182,176,29,11,70,137,772,12.6,0.564,0.548,0.141,1.1,11,6.1,15,0.8,0.6,9.3,19.8,1.6,0.8,2.4,0.067,-0.4,-1.7,-2.1,0,7413955
Derrick White,SG,27,TOT,75,52,2199,337,800,0.421,115,369,0.312,222,431,0.515,0.493,203,235,0.864,38,223,261,366,64,58,119,172,992,14.8,0.549,0.461,0.294,1.8,10.7,6.3,22.9,1.4,2.3,11.6,19.9,2.8,2.3,5.1,0.111,0.4,0.6,0.9,1.6,16892857
Aaron Wiggins,SG,23,OKC,50,35,1209,156,337,0.463,42,138,0.304,114,199,0.573,0.525,62,85,0.729,51,127,178,68,30,10,54,93,416,10.3,0.556,0.409,0.252,4.3,11,7.6,8.5,1.2,0.8,12.6,15.3,0.5,0.8,1.2,0.048,-3.4,-0.9,-4.3,-0.7,1563518
Andrew Wiggins,SF,26,GSW,73,73,2329,475,1019,0.466,157,399,0.393,318,620,0.513,0.543,149,235,0.634,85,240,325,161,76,51,111,158,1256,15,0.56,0.392,0.231,4.1,10.9,7.6,10.8,1.6,2.1,9,23.1,1.8,3.4,5.1,0.105,0.3,0.1,0.4,1.4,33616770
Lindell Wigginton,PG,23,MIL,19,0,199,26,61,0.426,9,26,0.346,17,35,0.486,0.5,19,35,0.543,3,22,25,23,5,1,12,17,80,10.2,0.524,0.426,0.574,1.6,11.5,6.7,15.7,1.2,0.5,13.6,19,0,0.1,0.2,0.044,-3.2,-1.9,-5,-0.2,1637966
Grant Williams,PF,23,BOS,77,21,1875,205,432,0.475,106,258,0.411,99,174,0.569,0.597,86,95,0.905,64,210,274,78,38,57,62,186,602,11.2,0.635,0.597,0.22,3.8,11.8,7.9,5.7,1,2.8,11.6,12.6,2.4,2.6,5.1,0.13,-1.4,1.1,-0.4,0.8,4306281
Kenrich Williams,SF,27,OKC,49,0,1072,146,317,0.461,41,121,0.339,105,196,0.536,0.525,30,55,0.545,75,145,220,108,44,10,46,81,363,13.3,0.532,0.382,0.174,7.1,14.1,10.5,15.3,2,0.9,11.9,15.6,0.8,1,1.8,0.081,-1.3,1.1,-0.3,0.5,2000000
Patrick Williams,PF,20,CHI,17,9,422,54,102,0.529,15,29,0.517,39,73,0.534,0.603,30,41,0.732,17,52,69,15,9,9,16,28,153,12.7,0.637,0.284,0.402,4.6,13.8,9.2,4.8,1,1.8,11.8,14.2,0.6,0.3,0.9,0.099,-0.9,-0.7,-1.5,0,7775400
Robert Williams,C,24,BOS,61,61,1804,271,368,0.736,0,1,0,271,367,0.738,0.736,65,90,0.722,238,350,588,121,56,134,63,137,607,22.1,0.745,0.003,0.245,14.6,20.5,17.6,9.7,1.5,6.8,13.4,11.5,6,3.9,9.9,0.262,2.4,3.1,5.5,3.4,10937502
Ziaire Williams,SF,20,MEM,62,31,1346,191,424,0.45,76,242,0.314,115,182,0.632,0.54,43,55,0.782,26,103,129,65,35,12,41,113,501,9.7,0.559,0.571,0.13,2,8.2,5,6.3,1.2,0.8,8.4,14.9,1.1,1.1,2.2,0.08,-2.4,-0.6,-3,-0.3,4591680
D.J. Wilson,PF,25,TOR,4,1,54,11,15,0.733,0,2,0,11,13,0.846,0.733,8,10,0.8,1,15,16,5,5,1,2,6,30,27.9,0.773,0.133,0.667,1.9,31.8,16.1,14.6,4.6,1.8,9.3,17,0.2,0.1,0.4,0.328,1.8,3.2,5,0.1,2133278
Dylan Windler,SF,25,CLE,50,0,459,37,98,0.378,21,70,0.3,16,28,0.571,0.485,15,18,0.833,21,68,89,34,14,3,16,47,110,8.8,0.519,0.714,0.184,5.2,16,10.7,10,1.5,0.6,13.1,11.8,0.2,0.6,0.8,0.084,-2.9,1.2,-1.7,0,4037278
Justise Winslow,PF,25,TOT,48,11,774,110,257,0.428,15,66,0.227,95,191,0.497,0.457,39,66,0.591,50,152,202,84,35,25,49,67,274,13.1,0.479,0.257,0.257,7,20.9,14,16.1,2.2,2.9,14.6,18.9,-0.3,1.1,0.8,0.048,-2.7,1,-1.7,0.1,4097561
Christian Wood,C,26,HOU,68,67,2094,440,878,0.501,131,336,0.39,309,542,0.57,0.576,207,332,0.623,110,576,686,155,54,65,126,171,1218,19.1,0.595,0.383,0.378,5.7,30.4,18,12.2,1.2,2.8,11,23.3,2.9,2,4.9,0.112,2.1,-0.4,1.6,1.9,14317459
Delon Wright,SG,29,ATL,77,8,1452,122,269,0.454,44,116,0.379,78,153,0.51,0.535,54,63,0.857,50,170,220,188,93,19,45,56,342,13.8,0.576,0.431,0.234,3.8,12.7,8.3,16.6,3.1,1.2,13.2,10.3,2.2,1.5,3.6,0.121,-0.2,2.4,2.2,1.6,7804878
McKinley Wright IV,PG,23,MIN,5,0,19,2,3,0.667,1,2,0.5,1,1,1,0.833,0,0,0,0,0,0,3,0,0,1,1,5,9.5,0.833,0.667,0,0,0,0,20.9,0,0,25,8.8,0,0,0,0.092,-1.4,-2.8,-4.2,0,1637966
Thaddeus Young,PF,33,TOT,52,1,845,141,272,0.518,17,48,0.354,124,224,0.554,0.55,23,49,0.469,80,128,208,104,54,18,52,81,322,17,0.548,0.176,0.18,9.8,16.8,13.1,17.7,3.1,2,15,17.4,0.9,1.3,2.2,0.126,0.1,2.1,2.2,0.9,8000000
Trae Young,PG,23,ATL,76,76,2652,711,1544,0.46,233,610,0.382,478,934,0.512,0.536,500,553,0.904,50,234,284,737,72,7,303,128,2155,25.4,0.603,0.395,0.358,2.1,9.6,5.9,46.7,1.3,0.2,14.5,34.4,9,1,10,0.181,7.1,-2,5.2,4.8,37096500
Omer Yurtseven,C,23,MIA,56,12,706,130,247,0.526,1,11,0.091,129,236,0.547,0.528,38,61,0.623,85,209,294,49,17,20,41,84,299,17.4,0.546,0.045,0.247,13.9,33,23.6,11,1.2,3,13,19.9,0.8,1.4,2.1,0.145,-1.4,0.4,-1,0.2,1752638
Ivica Zubac,C,24,LAC,76,76,1852,310,495,0.626,0,0,0,310,495,0.626,0.626,165,227,0.727,217,427,644,120,36,77,114,203,785,19.2,0.66,0,0.459,12.8,23.7,18.4,9.8,1,3.5,16.1,16.8,4.3,2.9,7.2,0.187,-0.1,0.8,0.7,1.3,10123457
